[
    {
        "text": "Albania",
        "id": "aa"
    },
    {
        "text": "Alberta",
        "id": "abc"
    },
    {
        "text": "Australian Capital Territory",
        "id": "aca"
    },
    {
        "text": "Algeria",
        "id": "ae"
    },
    {
        "text": "Afghanistan",
        "id": "af"
    },
    {
        "text": "Argentina",
        "id": "ag"
    },
    {
        "text": "Armenia (Republic)",
        "id": "ai"
    },
    {
        "text": "Armenian S.S.R.",
        "id": "ai"
    },
    {
        "text": "Armenian S.S.R.",
        "id": "ai"
    },
    {
        "text": "Armenian S.S.R.",
        "id": "ai"
    },
    {
        "text": "Soviet Union",
        "id": "ai"
    },
    {
        "text": "Soviet Union",
        "id": "ai"
    },
    {
        "text": "Soviet Union",
        "id": "ai"
    },
    {
        "text": "Azerbaijan",
        "id": "aj"
    },
    {
        "text": "Azerbaijan S.S.R.",
        "id": "aj"
    },
    {
        "text": "Azerbaijan S.S.R.",
        "id": "aj"
    },
    {
        "text": "Azerbaijan S.S.R. ",
        "id": "aj"
    },
    {
        "text": "Soviet Union",
        "id": "aj"
    },
    {
        "text": "Soviet Union",
        "id": "aj"
    },
    {
        "text": "Soviet Union",
        "id": "aj"
    },
    {
        "text": "Alaska",
        "id": "aku"
    },
    {
        "text": "Alabama",
        "id": "alu"
    },
    {
        "text": "Anguilla",
        "id": "am"
    },
    {
        "text": "Saint Kitts-Nevis-Anguilla",
        "id": "am"
    },
    {
        "text": "Saint Kitts-Nevis-Anguilla",
        "id": "am"
    },
    {
        "text": "Saint Kitts-Nevis-Anguilla",
        "id": "am"
    },
    {
        "text": "Sombrero Island",
        "id": "am"
    },
    {
        "text": "Andorra",
        "id": "an"
    },
    {
        "text": "Angola",
        "id": "ao"
    },
    {
        "text": "Cabinda",
        "id": "ao"
    },
    {
        "text": "Antigua and Barbuda",
        "id": "aq"
    },
    {
        "text": "Antigua",
        "id": "aq"
    },
    {
        "text": "Barbuda",
        "id": "aq"
    },
    {
        "text": "Redonda",
        "id": "aq"
    },
    {
        "text": "Arkansas",
        "id": "aru"
    },
    {
        "text": "American Samoa",
        "id": "as"
    },
    {
        "text": "Eastern Samoa",
        "id": "as"
    },
    {
        "text": "Samoa, American",
        "id": "as"
    },
    {
        "text": "Australia",
        "id": "at"
    },
    {
        "text": "Ashmore and Cartier Islands",
        "id": "at"
    },
    {
        "text": "Ashmore and Cartier Islands",
        "id": "at"
    },
    {
        "text": "Macquarie Island",
        "id": "at"
    },
    {
        "text": "Austria",
        "id": "au"
    },
    {
        "text": "Aruba",
        "id": "aw"
    },
    {
        "text": "Netherlands Antilles",
        "id": "aw"
    },
    {
        "text": "Antarctica",
        "id": "ay"
    },
    {
        "text": "Arizona",
        "id": "azu"
    },
    {
        "text": "Bahrain",
        "id": "ba"
    },
    {
        "text": "Bahrein",
        "id": "ba"
    },
    {
        "text": "Barbados",
        "id": "bb"
    },
    {
        "text": "British Columbia",
        "id": "bcc"
    },
    {
        "text": "Burundi",
        "id": "bd"
    },
    {
        "text": "Belgium",
        "id": "be"
    },
    {
        "text": "Bahamas",
        "id": "bf"
    },
    {
        "text": "Bangladesh",
        "id": "bg"
    },
    {
        "text": "East Pakistan",
        "id": "bg"
    },
    {
        "text": "Belize",
        "id": "bh"
    },
    {
        "text": "British Honduras",
        "id": "bh"
    },
    {
        "text": "British Indian Ocean Territory",
        "id": "bi"
    },
    {
        "text": "Chagos Archipelago",
        "id": "bi"
    },
    {
        "text": "Diego Garcia Island",
        "id": "bi"
    },
    {
        "text": "Brazil",
        "id": "bl"
    },
    {
        "text": "Fernando de Noronha",
        "id": "bl"
    },
    {
        "text": "Ilha da Trindade",
        "id": "bl"
    },
    {
        "text": "Ilhas Martim Vaz",
        "id": "bl"
    },
    {
        "text": "Martim Vaz, Ilhas",
        "id": "bl"
    },
    {
        "text": "Penedos de São Pedro e São Paulo",
        "id": "bl"
    },
    {
        "text": "Rocas",
        "id": "bl"
    },
    {
        "text": "Trindade, Ilha da",
        "id": "bl"
    },
    {
        "text": "Bermuda Islands",
        "id": "bm"
    },
    {
        "text": "Bosnia and Herzegovina",
        "id": "bn"
    },
    {
        "text": "Yugoslavia",
        "id": "bn"
    },
    {
        "text": "Bosnia and Hercegovina",
        "id": "bn"
    },
    {
        "text": "Hercegovina",
        "id": "bn"
    },
    {
        "text": "Herzegovina",
        "id": "bn"
    },
    {
        "text": "Bolivia",
        "id": "bo"
    },
    {
        "text": "Solomon Islands",
        "id": "bp"
    },
    {
        "text": "British Solomon Islands",
        "id": "bp"
    },
    {
        "text": "Choiseul",
        "id": "bp"
    },
    {
        "text": "Guadalcanal",
        "id": "bp"
    },
    {
        "text": "Malaita",
        "id": "bp"
    },
    {
        "text": "San Cristóbal",
        "id": "bp"
    },
    {
        "text": "Santa Isabel",
        "id": "bp"
    },
    {
        "text": "Solomon Islands Protectorate",
        "id": "bp"
    },
    {
        "text": "Burma",
        "id": "br"
    },
    {
        "text": "Myanmar",
        "id": "br"
    },
    {
        "text": "Botswana",
        "id": "bs"
    },
    {
        "text": "Bechuanaland",
        "id": "bs"
    },
    {
        "text": "Bhutan",
        "id": "bt"
    },
    {
        "text": "Bulgaria",
        "id": "bu"
    },
    {
        "text": "Bouvet Island",
        "id": "bv"
    },
    {
        "text": "Belarus",
        "id": "bw"
    },
    {
        "text": "Byelorussian S.S.R",
        "id": "bw"
    },
    {
        "text": "Byelarus",
        "id": "bw"
    },
    {
        "text": "Belorussian S.S.R.",
        "id": "bw"
    },
    {
        "text": "Byeolorussian S.S.R.",
        "id": "bw"
    },
    {
        "text": "Byelorussian S.S.R.",
        "id": "bw"
    },
    {
        "text": "Soviet Union",
        "id": "bw"
    },
    {
        "text": "Soviet Union",
        "id": "bw"
    },
    {
        "text": "Soviet Union",
        "id": "bw"
    },
    {
        "text": "Brunei",
        "id": "bx"
    },
    {
        "text": "Caribbean Netherlands",
        "id": "ca"
    },
    {
        "text": "Netherlands Antilles",
        "id": "ca"
    },
    {
        "text": "BES Islands",
        "id": "ca"
    },
    {
        "text": "Bonaire",
        "id": "ca"
    },
    {
        "text": "Netherlands Antilles",
        "id": "ca"
    },
    {
        "text": "Bonaire (Netherlands Antilles)",
        "id": "ca"
    },
    {
        "text": "Bonaire, Saint Eustatius, and Saba",
        "id": "ca"
    },
    {
        "text": "Dutch Caribbean",
        "id": "ca"
    },
    {
        "text": "Netherlands Antilles",
        "id": "ca"
    },
    {
        "text": "Netherlands Antilles",
        "id": "ca"
    },
    {
        "text": "Saba",
        "id": "ca"
    },
    {
        "text": "Netherlands Antilles",
        "id": "ca"
    },
    {
        "text": "Saba (Netherlands Antilles)",
        "id": "ca"
    },
    {
        "text": "Saint Eustatius",
        "id": "ca"
    },
    {
        "text": "Sint Eustatius",
        "id": "ca"
    },
    {
        "text": "Netherlands Antilles",
        "id": "ca"
    },
    {
        "text": "Sint Eustatius (Netherlands Antilles)",
        "id": "ca"
    },
    {
        "text": "Statia (Netherlands Antilles)",
        "id": "ca"
    },
    {
        "text": "California",
        "id": "cau"
    },
    {
        "text": "Cambodia",
        "id": "cb"
    },
    {
        "text": "Democratic Kampuchea",
        "id": "cb"
    },
    {
        "text": "Kampuchea",
        "id": "cb"
    },
    {
        "text": "Khmer Republic",
        "id": "cb"
    },
    {
        "text": "China",
        "id": "cc"
    },
    {
        "text": "Hainan Island",
        "id": "cc"
    },
    {
        "text": "Hong Kong",
        "id": "cc"
    },
    {
        "text": "Hong Kong",
        "id": "cc"
    },
    {
        "text": "Inner Mongolia",
        "id": "cc"
    },
    {
        "text": "Kowloon",
        "id": "cc"
    },
    {
        "text": "Macao",
        "id": "cc"
    },
    {
        "text": "Macau",
        "id": "cc"
    },
    {
        "text": "Macao",
        "id": "cc"
    },
    {
        "text": "Manchuria",
        "id": "cc"
    },
    {
        "text": "Sinkiang",
        "id": "cc"
    },
    {
        "text": "New Territories",
        "id": "cc"
    },
    {
        "text": "Taipa",
        "id": "cc"
    },
    {
        "text": "Macao",
        "id": "cc"
    },
    {
        "text": "Tibet",
        "id": "cc"
    },
    {
        "text": "Chad",
        "id": "cd"
    },
    {
        "text": "Sri Lanka",
        "id": "ce"
    },
    {
        "text": "Ceylon",
        "id": "ce"
    },
    {
        "text": "Congo (Brazzaville)",
        "id": "cf"
    },
    {
        "text": "Middle Congo",
        "id": "cf"
    },
    {
        "text": "Congo (Democratic Republic)",
        "id": "cg"
    },
    {
        "text": "Belgian Congo",
        "id": "cg"
    },
    {
        "text": "Congo (Kinshasa)",
        "id": "cg"
    },
    {
        "text": "Democratic Republic of the Congo",
        "id": "cg"
    },
    {
        "text": "Zaire",
        "id": "cg"
    },
    {
        "text": "China (Republic : 1949- )",
        "id": "ch"
    },
    {
        "text": "Formosa Island",
        "id": "ch"
    },
    {
        "text": "Nationalist China",
        "id": "ch"
    },
    {
        "text": "P'eng-hu Island",
        "id": "ch"
    },
    {
        "text": "Pescadores Islands",
        "id": "ch"
    },
    {
        "text": "Taiwan Island",
        "id": "ch"
    },
    {
        "text": "Croatia",
        "id": "ci"
    },
    {
        "text": "Yugoslavia",
        "id": "ci"
    },
    {
        "text": "Cayman Islands",
        "id": "cj"
    },
    {
        "text": "Cayman Brac Island",
        "id": "cj"
    },
    {
        "text": "Grand Cayman Island",
        "id": "cj"
    },
    {
        "text": "Little Cayman Island",
        "id": "cj"
    },
    {
        "text": "Colombia",
        "id": "ck"
    },
    {
        "text": "Isla de Malpelo",
        "id": "ck"
    },
    {
        "text": "Malpelo, Isla de",
        "id": "ck"
    },
    {
        "text": "San Andrés y Providencia",
        "id": "ck"
    },
    {
        "text": "Serrana Bank",
        "id": "ck"
    },
    {
        "text": "United States Misc. Caribbean Islands",
        "id": "ck"
    },
    {
        "text": "Serranilla Bank",
        "id": "ck"
    },
    {
        "text": "United States Misc. Caribbean Islands",
        "id": "ck"
    },
    {
        "text": "Chile",
        "id": "cl"
    },
    {
        "text": "Easter Island",
        "id": "cl"
    },
    {
        "text": "Isla de Pasqua",
        "id": "cl"
    },
    {
        "text": "Isla Sala y Gómez",
        "id": "cl"
    },
    {
        "text": "Islas Juan Fernández",
        "id": "cl"
    },
    {
        "text": "Juan Fernández, Islas",
        "id": "cl"
    },
    {
        "text": "Pasqua, Isla de",
        "id": "cl"
    },
    {
        "text": "Sala y Gómez, Isla",
        "id": "cl"
    },
    {
        "text": "San Félix",
        "id": "cl"
    },
    {
        "text": "Cameroon",
        "id": "cm"
    },
    {
        "text": "British Cameroons",
        "id": "cm"
    },
    {
        "text": "East Cameroon",
        "id": "cm"
    },
    {
        "text": "French Cameroons",
        "id": "cm"
    },
    {
        "text": "German Cameroons",
        "id": "cm"
    },
    {
        "text": "Southern Cameroons",
        "id": "cm"
    },
    {
        "text": "West Cameroon",
        "id": "cm"
    },
    {
        "text": "Curaçao",
        "id": "co"
    },
    {
        "text": "Netherlands Antilles",
        "id": "co"
    },
    {
        "text": "Curaçao (Netherlands Antilles)",
        "id": "co"
    },
    {
        "text": "Netherlands Antilles",
        "id": "co"
    },
    {
        "text": "Netherlands Antilles",
        "id": "co"
    },
    {
        "text": "Colorado",
        "id": "cou"
    },
    {
        "text": "Comoros",
        "id": "cq"
    },
    {
        "text": "Anjouan Island",
        "id": "cq"
    },
    {
        "text": "Comores",
        "id": "cq"
    },
    {
        "text": "Grande Comore Island",
        "id": "cq"
    },
    {
        "text": "Moheli Island",
        "id": "cq"
    },
    {
        "text": "Costa Rica",
        "id": "cr"
    },
    {
        "text": "Cocos Island",
        "id": "cr"
    },
    {
        "text": "Connecticut ",
        "id": "ctu"
    },
    {
        "text": "Cuba",
        "id": "cu"
    },
    {
        "text": "Isle of Pines (Caribbean)",
        "id": "cu"
    },
    {
        "text": "Pines, Isle of (Caribbean)",
        "id": "cu"
    },
    {
        "text": "Cabo Verde",
        "id": "cv"
    },
    {
        "text": "Boa Vista",
        "id": "cv"
    },
    {
        "text": "Brava",
        "id": "cv"
    },
    {
        "text": "Cape Verde",
        "id": "cv"
    },
    {
        "text": "Fogo",
        "id": "cv"
    },
    {
        "text": "Maio",
        "id": "cv"
    },
    {
        "text": "Sal",
        "id": "cv"
    },
    {
        "text": "Santo Antao",
        "id": "cv"
    },
    {
        "text": "São Nicolau",
        "id": "cv"
    },
    {
        "text": "São Tiago",
        "id": "cv"
    },
    {
        "text": "São Vicente",
        "id": "cv"
    },
    {
        "text": "Cook Islands",
        "id": "cw"
    },
    {
        "text": "Danger Atoll",
        "id": "cw"
    },
    {
        "text": "Manihiki Atoll",
        "id": "cw"
    },
    {
        "text": "Penrhyn Atoll",
        "id": "cw"
    },
    {
        "text": "Rakahanga Atoll",
        "id": "cw"
    },
    {
        "text": "Central African Republic",
        "id": "cx"
    },
    {
        "text": "Central African Empire",
        "id": "cx"
    },
    {
        "text": "Ubangi-Shari",
        "id": "cx"
    },
    {
        "text": "Cyprus",
        "id": "cy"
    },
    {
        "text": "District of Columbia",
        "id": "dcu"
    },
    {
        "text": "Delaware",
        "id": "deu"
    },
    {
        "text": "Denmark",
        "id": "dk"
    },
    {
        "text": "Bornholm Island",
        "id": "dk"
    },
    {
        "text": "Benin",
        "id": "dm"
    },
    {
        "text": "Dahomey",
        "id": "dm"
    },
    {
        "text": "Dominica",
        "id": "dq"
    },
    {
        "text": "Dominican Republic",
        "id": "dr"
    },
    {
        "text": "Eritrea",
        "id": "ea"
    },
    {
        "text": "Ethiopia",
        "id": "ea"
    },
    {
        "text": "Ecuador",
        "id": "ec"
    },
    {
        "text": "Archipiélago de Colón",
        "id": "ec"
    },
    {
        "text": "Colón, Archipiélago de",
        "id": "ec"
    },
    {
        "text": "Galapagos Islands",
        "id": "ec"
    },
    {
        "text": "Equatorial Guinea",
        "id": "eg"
    },
    {
        "text": "Annobón",
        "id": "eg"
    },
    {
        "text": "Bioko",
        "id": "eg"
    },
    {
        "text": "Corisco Island",
        "id": "eg"
    },
    {
        "text": "Elobey, Great",
        "id": "eg"
    },
    {
        "text": "Elobey, Small",
        "id": "eg"
    },
    {
        "text": "Fernando Po Island",
        "id": "eg"
    },
    {
        "text": "Macias Nguema Biyogo",
        "id": "eg"
    },
    {
        "text": "Pagalu",
        "id": "eg"
    },
    {
        "text": "Rio Muni",
        "id": "eg"
    },
    {
        "text": "Timor-Leste",
        "id": "em"
    },
    {
        "text": "Atauro, Ilha de",
        "id": "em"
    },
    {
        "text": "Portuguese Timor",
        "id": "em"
    },
    {
        "text": "East Timor",
        "id": "em"
    },
    {
        "text": "Ilha de Atauro",
        "id": "em"
    },
    {
        "text": "Portuguese Timor",
        "id": "em"
    },
    {
        "text": "Ilheu de Jaco",
        "id": "em"
    },
    {
        "text": "Portuguese Timor",
        "id": "em"
    },
    {
        "text": "Jaco, Ilheu de",
        "id": "em"
    },
    {
        "text": "Portuguese Timor",
        "id": "em"
    },
    {
        "text": "Oe-Cussi",
        "id": "em"
    },
    {
        "text": "Portuguese Timor",
        "id": "em"
    },
    {
        "text": "Portuguese Timor",
        "id": "em"
    },
    {
        "text": "Portuguese Timor",
        "id": "em"
    },
    {
        "text": "Timor, East",
        "id": "em"
    },
    {
        "text": "England",
        "id": "enk"
    },
    {
        "text": "Estonia",
        "id": "er"
    },
    {
        "text": "Estonia",
        "id": "er"
    },
    {
        "text": "El Salvador",
        "id": "es"
    },
    {
        "text": "Salvador",
        "id": "es"
    },
    {
        "text": "Ethiopia",
        "id": "et"
    },
    {
        "text": "Faroe Islands",
        "id": "fa"
    },
    {
        "text": "Færoe Islands",
        "id": "fa"
    },
    {
        "text": "French Guiana",
        "id": "fg"
    },
    {
        "text": "Guiana, French",
        "id": "fg"
    },
    {
        "text": "Finland",
        "id": "fi"
    },
    {
        "text": "Ahvenanmaa",
        "id": "fi"
    },
    {
        "text": "Åland Islands",
        "id": "fi"
    },
    {
        "text": "Fiji",
        "id": "fj"
    },
    {
        "text": "Rotuma Island",
        "id": "fj"
    },
    {
        "text": "Vanua Levu Island",
        "id": "fj"
    },
    {
        "text": "Viti Levu Island",
        "id": "fj"
    },
    {
        "text": "Falkland Islands",
        "id": "fk"
    },
    {
        "text": "East Falkland Island",
        "id": "fk"
    },
    {
        "text": "Islas Malvinas",
        "id": "fk"
    },
    {
        "text": "Malvinas, Islas",
        "id": "fk"
    },
    {
        "text": "West Falkland Island",
        "id": "fk"
    },
    {
        "text": "Florida",
        "id": "flu"
    },
    {
        "text": "Micronesia (Federated States)",
        "id": "fm"
    },
    {
        "text": "Trust Territory of the Pacific Islands",
        "id": "fm"
    },
    {
        "text": "Ascension Island (Micronesia)",
        "id": "fm"
    },
    {
        "text": "Eauripik Atoll",
        "id": "fm"
    },
    {
        "text": "Fais Island",
        "id": "fm"
    },
    {
        "text": "Faraulep Atoll",
        "id": "fm"
    },
    {
        "text": "Federated States of Micronesia",
        "id": "fm"
    },
    {
        "text": "Gaferut Island",
        "id": "fm"
    },
    {
        "text": "Hall Islands",
        "id": "fm"
    },
    {
        "text": "Ifalik Atoll",
        "id": "fm"
    },
    {
        "text": "Kapingamarangi Atoll",
        "id": "fm"
    },
    {
        "text": "Kosrae (Micronesia)",
        "id": "fm"
    },
    {
        "text": "Kusaie (Micronesia)",
        "id": "fm"
    },
    {
        "text": "Mortlock Islands",
        "id": "fm"
    },
    {
        "text": "Namonuito Atoll",
        "id": "fm"
    },
    {
        "text": "Ngatik Atoll",
        "id": "fm"
    },
    {
        "text": "Ngulu Atoll",
        "id": "fm"
    },
    {
        "text": "Nukuoru Atoll",
        "id": "fm"
    },
    {
        "text": "Oroluk Atoll",
        "id": "fm"
    },
    {
        "text": "Pacific Islands (Trust Territory)",
        "id": "fm"
    },
    {
        "text": "Trust Territory of the Pacific Islands",
        "id": "fm"
    },
    {
        "text": "Pingelap Atoll",
        "id": "fm"
    },
    {
        "text": "Pohnpei",
        "id": "fm"
    },
    {
        "text": "Ponape (Micronesia)",
        "id": "fm"
    },
    {
        "text": "Pulap Atoll",
        "id": "fm"
    },
    {
        "text": "Pulusak Island",
        "id": "fm"
    },
    {
        "text": "Puluwat Atoll",
        "id": "fm"
    },
    {
        "text": "Satawal Island",
        "id": "fm"
    },
    {
        "text": "Senyavin Islands",
        "id": "fm"
    },
    {
        "text": "Truk (Micronesia)",
        "id": "fm"
    },
    {
        "text": "Trust Territory of the Pacific Islands",
        "id": "fm"
    },
    {
        "text": "Trust Territory of the Pacific Islands",
        "id": "fm"
    },
    {
        "text": "Ulithi Islands",
        "id": "fm"
    },
    {
        "text": "West Fayu Atoll",
        "id": "fm"
    },
    {
        "text": "Woleai Atolls",
        "id": "fm"
    },
    {
        "text": "Yap (Micronesia)",
        "id": "fm"
    },
    {
        "text": "French Polynesia",
        "id": "fp"
    },
    {
        "text": "Austral Islands",
        "id": "fp"
    },
    {
        "text": "Clipperton Island",
        "id": "fp"
    },
    {
        "text": "Gambier Islands",
        "id": "fp"
    },
    {
        "text": "Iles Australes",
        "id": "fp"
    },
    {
        "text": "Iles du Vent",
        "id": "fp"
    },
    {
        "text": "Iles Sous le Vent",
        "id": "fp"
    },
    {
        "text": "Marquesas Islands",
        "id": "fp"
    },
    {
        "text": "Polynesia, French",
        "id": "fp"
    },
    {
        "text": "Society Islands",
        "id": "fp"
    },
    {
        "text": "Sous le Vent, Iles",
        "id": "fp"
    },
    {
        "text": "Tahiti",
        "id": "fp"
    },
    {
        "text": "Tuamotu Archipelago",
        "id": "fp"
    },
    {
        "text": "Vent, Iles du",
        "id": "fp"
    },
    {
        "text": "France",
        "id": "fr"
    },
    {
        "text": "Corsica",
        "id": "fr"
    },
    {
        "text": "Terres australes et antarctiques françaises",
        "id": "fs"
    },
    {
        "text": "Amsterdam Island",
        "id": "fs"
    },
    {
        "text": "Crozet Island",
        "id": "fs"
    },
    {
        "text": "French Southern and Antarctic Lands",
        "id": "fs"
    },
    {
        "text": "Kerguelen Island",
        "id": "fs"
    },
    {
        "text": "Saint Paul Island",
        "id": "fs"
    },
    {
        "text": "T.A.A.F.",
        "id": "fs"
    },
    {
        "text": "Djibouti",
        "id": "ft"
    },
    {
        "text": "Afars",
        "id": "ft"
    },
    {
        "text": "French Somaliland",
        "id": "ft"
    },
    {
        "text": "French Territory of the Afars and Issas",
        "id": "ft"
    },
    {
        "text": "Issas",
        "id": "ft"
    },
    {
        "text": "Georgia",
        "id": "gau"
    },
    {
        "text": "Kiribati",
        "id": "gb"
    },
    {
        "text": "Gilbert and Ellice Islands",
        "id": "gb"
    },
    {
        "text": "Central and Southern Line Islands",
        "id": "gb"
    },
    {
        "text": "Banaba",
        "id": "gb"
    },
    {
        "text": "Gilbert and Ellice Islands",
        "id": "gb"
    },
    {
        "text": "Birnie Island",
        "id": "gb"
    },
    {
        "text": "Gilbert and Ellice Islands",
        "id": "gb"
    },
    {
        "text": "Canton Island",
        "id": "gb"
    },
    {
        "text": "Canton and Enderbury Islands",
        "id": "gb"
    },
    {
        "text": "Caroline Island",
        "id": "gb"
    },
    {
        "text": "Central and Southern Line Islands",
        "id": "gb"
    },
    {
        "text": "Central and Southern Line Islands",
        "id": "gb"
    },
    {
        "text": "Central and Southern Line Islands",
        "id": "gb"
    },
    {
        "text": "Christmas Atoll",
        "id": "gb"
    },
    {
        "text": "Gilbert and Ellice Islands",
        "id": "gb"
    },
    {
        "text": "Enderbury Island",
        "id": "gb"
    },
    {
        "text": "Canton and Enderbury Islands",
        "id": "gb"
    },
    {
        "text": "Fanning Atoll",
        "id": "gb"
    },
    {
        "text": "Gilbert and Ellice Islands",
        "id": "gb"
    },
    {
        "text": "Flint Island",
        "id": "gb"
    },
    {
        "text": "Central and Southern Line Islands",
        "id": "gb"
    },
    {
        "text": "Gardner Atoll",
        "id": "gb"
    },
    {
        "text": "Gilbert and Ellice Islands",
        "id": "gb"
    },
    {
        "text": "Gilbert and Ellice Islands",
        "id": "gb"
    },
    {
        "text": "Gilbert and Ellice Islands",
        "id": "gb"
    },
    {
        "text": "Gilbert Islands",
        "id": "gb"
    },
    {
        "text": "Gilbert and Ellice Islands",
        "id": "gb"
    },
    {
        "text": "Hull Atoll",
        "id": "gb"
    },
    {
        "text": "Gilbert and Ellice Islands",
        "id": "gb"
    },
    {
        "text": "Kiritimati",
        "id": "gb"
    },
    {
        "text": "Gilbert and Ellice Islands",
        "id": "gb"
    },
    {
        "text": "Line Islands (Southern)",
        "id": "gb"
    },
    {
        "text": "Central and Southern Line Islands",
        "id": "gb"
    },
    {
        "text": "Malden Island",
        "id": "gb"
    },
    {
        "text": "Central and Southern Line Islands",
        "id": "gb"
    },
    {
        "text": "Manra Atoll",
        "id": "gb"
    },
    {
        "text": "Gilbert and Ellice Islands",
        "id": "gb"
    },
    {
        "text": "McKean Atoll",
        "id": "gb"
    },
    {
        "text": "Gilbert and Ellice Islands",
        "id": "gb"
    },
    {
        "text": "Nikomaroro Atoll",
        "id": "gb"
    },
    {
        "text": "Gilbert and Ellice Islands",
        "id": "gb"
    },
    {
        "text": "Ocean Island",
        "id": "gb"
    },
    {
        "text": "Gilbert and Ellice Islands",
        "id": "gb"
    },
    {
        "text": "Orona Atoll",
        "id": "gb"
    },
    {
        "text": "Gilbert and Ellice Islands",
        "id": "gb"
    },
    {
        "text": "Phoenix Atoll",
        "id": "gb"
    },
    {
        "text": "Gilbert and Ellice Islands",
        "id": "gb"
    },
    {
        "text": "Phoenix Islands",
        "id": "gb"
    },
    {
        "text": "Gilbert and Ellice Islands",
        "id": "gb"
    },
    {
        "text": "Rawaki",
        "id": "gb"
    },
    {
        "text": "Gilbert and Ellice Islands",
        "id": "gb"
    },
    {
        "text": "Starbuck Island",
        "id": "gb"
    },
    {
        "text": "Central and Southern Line Islands",
        "id": "gb"
    },
    {
        "text": "Sydney Atoll",
        "id": "gb"
    },
    {
        "text": "Gilbert and Ellice Islands",
        "id": "gb"
    },
    {
        "text": "Tabuarean Island",
        "id": "gb"
    },
    {
        "text": "Gilbert and Ellice Islands",
        "id": "gb"
    },
    {
        "text": "Vostok Island",
        "id": "gb"
    },
    {
        "text": "Central and Southern Line Islands",
        "id": "gb"
    },
    {
        "text": "Washington Island",
        "id": "gb"
    },
    {
        "text": "Gilbert and Ellice Islands",
        "id": "gb"
    },
    {
        "text": "Grenada",
        "id": "gd"
    },
    {
        "text": "Grenadine Islands, Southern",
        "id": "gd"
    },
    {
        "text": "Ghana",
        "id": "gh"
    },
    {
        "text": "Ashanti",
        "id": "gh"
    },
    {
        "text": "Gold Coast",
        "id": "gh"
    },
    {
        "text": "Northern Territories",
        "id": "gh"
    },
    {
        "text": "Togoland",
        "id": "gh"
    },
    {
        "text": "Gibraltar",
        "id": "gi"
    },
    {
        "text": "Greenland",
        "id": "gl"
    },
    {
        "text": "Gambia",
        "id": "gm"
    },
    {
        "text": "Gabon",
        "id": "go"
    },
    {
        "text": "Guadeloupe",
        "id": "gp"
    },
    {
        "text": "Basse-Terre",
        "id": "gp"
    },
    {
        "text": "Grande-Terre",
        "id": "gp"
    },
    {
        "text": "Iles de la Petite Terre",
        "id": "gp"
    },
    {
        "text": "Iles des Saintes",
        "id": "gp"
    },
    {
        "text": "La Désirade",
        "id": "gp"
    },
    {
        "text": "Marie-Galante",
        "id": "gp"
    },
    {
        "text": "Petite Terre, Iles de",
        "id": "gp"
    },
    {
        "text": "Saintes, Iles des",
        "id": "gp"
    },
    {
        "text": "Greece",
        "id": "gr"
    },
    {
        "text": "Aegean Islands",
        "id": "gr"
    },
    {
        "text": "Crete",
        "id": "gr"
    },
    {
        "text": "Dodecanese",
        "id": "gr"
    },
    {
        "text": "Ionian Islands",
        "id": "gr"
    },
    {
        "text": "Mount Athos",
        "id": "gr"
    },
    {
        "text": "Georgia (Republic)",
        "id": "gs"
    },
    {
        "text": "Georgian S.S.R.",
        "id": "gs"
    },
    {
        "text": "Georgian S.S.R.",
        "id": "gs"
    },
    {
        "text": "Georgian S.S.R.",
        "id": "gs"
    },
    {
        "text": "Soviet Union",
        "id": "gs"
    },
    {
        "text": "Soviet Union",
        "id": "gs"
    },
    {
        "text": "Soviet Union",
        "id": "gs"
    },
    {
        "text": "Guatemala",
        "id": "gt"
    },
    {
        "text": "Guam",
        "id": "gu"
    },
    {
        "text": "Guinea",
        "id": "gv"
    },
    {
        "text": "French Guinea",
        "id": "gv"
    },
    {
        "text": "Germany",
        "id": "gw"
    },
    {
        "text": "Berlin, East",
        "id": "gw"
    },
    {
        "text": "Germany (East)",
        "id": "gw"
    },
    {
        "text": "Berlin, West",
        "id": "gw"
    },
    {
        "text": "West Berlin",
        "id": "gw"
    },
    {
        "text": "East Berlin",
        "id": "gw"
    },
    {
        "text": "Germany (East)",
        "id": "gw"
    },
    {
        "text": "Germany (East)",
        "id": "gw"
    },
    {
        "text": "Germany (East)",
        "id": "gw"
    },
    {
        "text": "Germany (West)",
        "id": "gw"
    },
    {
        "text": "Germany, Democratic Republic of",
        "id": "gw"
    },
    {
        "text": "Germany (East)",
        "id": "gw"
    },
    {
        "text": "Germany, Federal Republic of",
        "id": "gw"
    },
    {
        "text": "West Berlin",
        "id": "gw"
    },
    {
        "text": "West Berlin",
        "id": "gw"
    },
    {
        "text": "Guyana",
        "id": "gy"
    },
    {
        "text": "British Guiana",
        "id": "gy"
    },
    {
        "text": "Guiana, British",
        "id": "gy"
    },
    {
        "text": "Gaza Strip",
        "id": "gz"
    },
    {
        "text": "Hawaii",
        "id": "hiu"
    },
    {
        "text": "Heard and McDonald Islands",
        "id": "hm"
    },
    {
        "text": "Honduras",
        "id": "ho"
    },
    {
        "text": "Swan Islands",
        "id": "ho"
    },
    {
        "text": "Swan Islands",
        "id": "ho"
    },
    {
        "text": "Haiti",
        "id": "ht"
    },
    {
        "text": "Hungary",
        "id": "hu"
    },
    {
        "text": "Iowa",
        "id": "iau"
    },
    {
        "text": "Iceland",
        "id": "ic"
    },
    {
        "text": "Idaho",
        "id": "idu"
    },
    {
        "text": "Ireland",
        "id": "ie"
    },
    {
        "text": "Eire",
        "id": "ie"
    },
    {
        "text": "India",
        "id": "ii"
    },
    {
        "text": "Amindivi Islands",
        "id": "ii"
    },
    {
        "text": "Andaman Islands",
        "id": "ii"
    },
    {
        "text": "Daman",
        "id": "ii"
    },
    {
        "text": "Diu",
        "id": "ii"
    },
    {
        "text": "Goa",
        "id": "ii"
    },
    {
        "text": "Laccadive Island",
        "id": "ii"
    },
    {
        "text": "Minicoy Island",
        "id": "ii"
    },
    {
        "text": "Nicobar Islands",
        "id": "ii"
    },
    {
        "text": "Sikkim",
        "id": "ii"
    },
    {
        "text": "Sikkim",
        "id": "ii"
    },
    {
        "text": "Illinois",
        "id": "ilu"
    },
    {
        "text": "Indiana",
        "id": "inu"
    },
    {
        "text": "Indonesia",
        "id": "io"
    },
    {
        "text": "Indonesia",
        "id": "io"
    },
    {
        "text": "Irian Barat",
        "id": "io"
    },
    {
        "text": "Netherlands New Guinea",
        "id": "io"
    },
    {
        "text": "West New Guinea",
        "id": "io"
    },
    {
        "text": "Iraq",
        "id": "iq"
    },
    {
        "text": "Iran",
        "id": "ir"
    },
    {
        "text": "Israel",
        "id": "is"
    },
    {
        "text": "Israel-Jordan Demilitarized Zones",
        "id": "is"
    },
    {
        "text": "Israel-Jordan Demilitarized Zones",
        "id": "is"
    },
    {
        "text": "Israel-Syria Demilitarized Zones",
        "id": "is"
    },
    {
        "text": "Israel-Syria Demilitarized Zones",
        "id": "is"
    },
    {
        "text": "Italy",
        "id": "it"
    },
    {
        "text": "Pantelleria",
        "id": "it"
    },
    {
        "text": "Sardinia",
        "id": "it"
    },
    {
        "text": "Sicily",
        "id": "it"
    },
    {
        "text": "Côte d'Ivoire",
        "id": "iv"
    },
    {
        "text": "Ivory Coast",
        "id": "iv"
    },
    {
        "text": "Iraq-Saudi Arabia Neutral Zone",
        "id": "iy"
    },
    {
        "text": "Japan",
        "id": "ja"
    },
    {
        "text": "Bonin Islands",
        "id": "ja"
    },
    {
        "text": "Daitojima",
        "id": "ja"
    },
    {
        "text": "Ryukyu Islands, Southern",
        "id": "ja"
    },
    {
        "text": "Marcus Island",
        "id": "ja"
    },
    {
        "text": "Namposhoto (Northern)",
        "id": "ja"
    },
    {
        "text": "Namposhoto (Southern)",
        "id": "ja"
    },
    {
        "text": "Nishinoshima Island",
        "id": "ja"
    },
    {
        "text": "Okinawa",
        "id": "ja"
    },
    {
        "text": "Ryukyu Islands, Southern",
        "id": "ja"
    },
    {
        "text": "Parece Vela Island",
        "id": "ja"
    },
    {
        "text": "Ryukyu Islands, Northern",
        "id": "ja"
    },
    {
        "text": "Ryukyu Islands, Southern",
        "id": "ja"
    },
    {
        "text": "Ryukyu Islands, Southern",
        "id": "ja"
    },
    {
        "text": "Torishima",
        "id": "ja"
    },
    {
        "text": "Ryukyu Islands, Southern",
        "id": "ja"
    },
    {
        "text": "Volcano Islands",
        "id": "ja"
    },
    {
        "text": "Johnston Atoll",
        "id": "ji"
    },
    {
        "text": "Sand Island",
        "id": "ji"
    },
    {
        "text": "Jamaica",
        "id": "jm"
    },
    {
        "text": "Morant Cays",
        "id": "jm"
    },
    {
        "text": "Pedro Cays",
        "id": "jm"
    },
    {
        "text": "Jordan",
        "id": "jo"
    },
    {
        "text": "Kenya",
        "id": "ke"
    },
    {
        "text": "Kyrgyzstan",
        "id": "kg"
    },
    {
        "text": "Kirghiz S.S.R.",
        "id": "kg"
    },
    {
        "text": "Kirghiz S.S.R.",
        "id": "kg"
    },
    {
        "text": "Kirghiz S.S.R.",
        "id": "kg"
    },
    {
        "text": "Soviet Union",
        "id": "kg"
    },
    {
        "text": "Soviet Union",
        "id": "kg"
    },
    {
        "text": "Soviet Union",
        "id": "kg"
    },
    {
        "text": "Kirghizia",
        "id": "kg"
    },
    {
        "text": "Kirghiz S.S.R.",
        "id": "kg"
    },
    {
        "text": "Korea (North)",
        "id": "kn"
    },
    {
        "text": "Democratic People's Republic of Korea",
        "id": "kn"
    },
    {
        "text": "North Korea",
        "id": "kn"
    },
    {
        "text": "Korea (South)",
        "id": "ko"
    },
    {
        "text": "Korea, Republic of",
        "id": "ko"
    },
    {
        "text": "South Korea",
        "id": "ko"
    },
    {
        "text": "Kansas",
        "id": "ksu"
    },
    {
        "text": "Kuwait",
        "id": "ku"
    },
    {
        "text": "Kosovo",
        "id": "kv"
    },
    {
        "text": "Kentucky",
        "id": "kyu"
    },
    {
        "text": "Kazakhstan",
        "id": "kz"
    },
    {
        "text": "Kazakh S.S.R.",
        "id": "kz"
    },
    {
        "text": "Kazakh S.S.R.",
        "id": "kz"
    },
    {
        "text": "Kazakh S.S.R.",
        "id": "kz"
    },
    {
        "text": "Soviet Union",
        "id": "kz"
    },
    {
        "text": "Soviet Union",
        "id": "kz"
    },
    {
        "text": "Soviet Union",
        "id": "kz"
    },
    {
        "text": "Louisiana",
        "id": "lau"
    },
    {
        "text": "Liberia",
        "id": "lb"
    },
    {
        "text": "Lebanon",
        "id": "le"
    },
    {
        "text": "Liechtenstein",
        "id": "lh"
    },
    {
        "text": "Lithuania",
        "id": "li"
    },
    {
        "text": "Lithuania",
        "id": "li"
    },
    {
        "text": "Lesotho",
        "id": "lo"
    },
    {
        "text": "Basutoland",
        "id": "lo"
    },
    {
        "text": "Laos",
        "id": "ls"
    },
    {
        "text": "Luxembourg",
        "id": "lu"
    },
    {
        "text": "Latvia",
        "id": "lv"
    },
    {
        "text": "Latvia",
        "id": "lv"
    },
    {
        "text": "Libya",
        "id": "ly"
    },
    {
        "text": "Massachusetts",
        "id": "mau"
    },
    {
        "text": "Manitoba",
        "id": "mbc"
    },
    {
        "text": "Monaco",
        "id": "mc"
    },
    {
        "text": "Maryland",
        "id": "mdu"
    },
    {
        "text": "Maine",
        "id": "meu"
    },
    {
        "text": "Mauritius",
        "id": "mf"
    },
    {
        "text": "Agalega Islands",
        "id": "mf"
    },
    {
        "text": "Cargados Carajos Shoals",
        "id": "mf"
    },
    {
        "text": "Rodrigues Island",
        "id": "mf"
    },
    {
        "text": "Saint Brandon",
        "id": "mf"
    },
    {
        "text": "Madagascar",
        "id": "mg"
    },
    {
        "text": "Malagasy Republic",
        "id": "mg"
    },
    {
        "text": "Michigan",
        "id": "miu"
    },
    {
        "text": "Montserrat",
        "id": "mj"
    },
    {
        "text": "Oman",
        "id": "mk"
    },
    {
        "text": "Kuria Muria Islands",
        "id": "mk"
    },
    {
        "text": "Muscat and Oman",
        "id": "mk"
    },
    {
        "text": "Mali",
        "id": "ml"
    },
    {
        "text": "French Sudan",
        "id": "ml"
    },
    {
        "text": "Soudan",
        "id": "ml"
    },
    {
        "text": "Sudan, French",
        "id": "ml"
    },
    {
        "text": "Malta",
        "id": "mm"
    },
    {
        "text": "Comino Island",
        "id": "mm"
    },
    {
        "text": "Gozo Island",
        "id": "mm"
    },
    {
        "text": "Minnesota",
        "id": "mnu"
    },
    {
        "text": "Montenegro",
        "id": "mo"
    },
    {
        "text": "Yugoslavia",
        "id": "mo"
    },
    {
        "text": "Yugoslavia",
        "id": "mo"
    },
    {
        "text": "Missouri",
        "id": "mou"
    },
    {
        "text": "Mongolia",
        "id": "mp"
    },
    {
        "text": "Mongolian People's Republic",
        "id": "mp"
    },
    {
        "text": "Outer Mongolia",
        "id": "mp"
    },
    {
        "text": "Martinique",
        "id": "mq"
    },
    {
        "text": "Morocco",
        "id": "mr"
    },
    {
        "text": "French Morocco",
        "id": "mr"
    },
    {
        "text": "Ifni",
        "id": "mr"
    },
    {
        "text": "Spanish Morocco",
        "id": "mr"
    },
    {
        "text": "Tangier Zone",
        "id": "mr"
    },
    {
        "text": "Zona Sur del Protectorado de Marruecos",
        "id": "mr"
    },
    {
        "text": "Mississippi",
        "id": "msu"
    },
    {
        "text": "Montana",
        "id": "mtu"
    },
    {
        "text": "Mauritania",
        "id": "mu"
    },
    {
        "text": "Moldova",
        "id": "mv"
    },
    {
        "text": "Moldavian S.S.R.",
        "id": "mv"
    },
    {
        "text": "Moldavian S.S.R.",
        "id": "mv"
    },
    {
        "text": "Moldavian S.S.R.",
        "id": "mv"
    },
    {
        "text": "Soviet Union",
        "id": "mv"
    },
    {
        "text": "Soviet Union",
        "id": "mv"
    },
    {
        "text": "Soviet Union",
        "id": "mv"
    },
    {
        "text": "Malawi",
        "id": "mw"
    },
    {
        "text": "Nyasaland",
        "id": "mw"
    },
    {
        "text": "Mexico",
        "id": "mx"
    },
    {
        "text": "Islas de Revillagigedo",
        "id": "mx"
    },
    {
        "text": "Revillagigedo, Islas de",
        "id": "mx"
    },
    {
        "text": "Malaysia",
        "id": "my"
    },
    {
        "text": "Borneo, North",
        "id": "my"
    },
    {
        "text": "Malaya",
        "id": "my"
    },
    {
        "text": "North Borneo",
        "id": "my"
    },
    {
        "text": "Sabah",
        "id": "my"
    },
    {
        "text": "Sarawak",
        "id": "my"
    },
    {
        "text": "Mozambique",
        "id": "mz"
    },
    {
        "text": "Nebraska",
        "id": "nbu"
    },
    {
        "text": "North Carolina",
        "id": "ncu"
    },
    {
        "text": "North Dakota",
        "id": "ndu"
    },
    {
        "text": "Netherlands",
        "id": "ne"
    },
    {
        "text": "Holland",
        "id": "ne"
    },
    {
        "text": "Newfoundland and Labrador",
        "id": "nfc"
    },
    {
        "text": "Labrador",
        "id": "nfc"
    },
    {
        "text": "Newfoundland",
        "id": "nfc"
    },
    {
        "text": "Niger",
        "id": "ng"
    },
    {
        "text": "New Hampshire",
        "id": "nhu"
    },
    {
        "text": "Northern Ireland",
        "id": "nik"
    },
    {
        "text": "Ireland, Northern",
        "id": "nik"
    },
    {
        "text": "New Jersey",
        "id": "nju"
    },
    {
        "text": "New Brunswick",
        "id": "nkc"
    },
    {
        "text": "New Caledonia",
        "id": "nl"
    },
    {
        "text": "Belep Islands",
        "id": "nl"
    },
    {
        "text": "Chesterfield, Iles",
        "id": "nl"
    },
    {
        "text": "Huon, Ile",
        "id": "nl"
    },
    {
        "text": "Ile des Pins",
        "id": "nl"
    },
    {
        "text": "Ile Huon",
        "id": "nl"
    },
    {
        "text": "Ile Uvea (New Caledonia)",
        "id": "nl"
    },
    {
        "text": "Ile Walpole",
        "id": "nl"
    },
    {
        "text": "Iles Belep",
        "id": "nl"
    },
    {
        "text": "Iles Chesterfield",
        "id": "nl"
    },
    {
        "text": "Isle of Pines (Pacific Ocean)",
        "id": "nl"
    },
    {
        "text": "Loyalty Islands",
        "id": "nl"
    },
    {
        "text": "Pines, Isle of (Pacific Ocean)",
        "id": "nl"
    },
    {
        "text": "Pins, Ile des",
        "id": "nl"
    },
    {
        "text": "Uvea (New Caledonia)",
        "id": "nl"
    },
    {
        "text": "Walpole, Ile",
        "id": "nl"
    },
    {
        "text": "New Mexico",
        "id": "nmu"
    },
    {
        "text": "Vanuatu",
        "id": "nn"
    },
    {
        "text": "Banks Islands",
        "id": "nn"
    },
    {
        "text": "New Hebrides",
        "id": "nn"
    },
    {
        "text": "Torres Islands",
        "id": "nn"
    },
    {
        "text": "Norway",
        "id": "no"
    },
    {
        "text": "Bear Island",
        "id": "no"
    },
    {
        "text": "Jan Mayen",
        "id": "no"
    },
    {
        "text": "Jan Mayen",
        "id": "no"
    },
    {
        "text": "Spitsbergen",
        "id": "no"
    },
    {
        "text": "Svalbard (Norway)",
        "id": "no"
    },
    {
        "text": "Svalbard",
        "id": "no"
    },
    {
        "text": "Nepal",
        "id": "np"
    },
    {
        "text": "Nicaragua",
        "id": "nq"
    },
    {
        "text": "Corn Islands",
        "id": "nq"
    },
    {
        "text": "Nigeria",
        "id": "nr"
    },
    {
        "text": "British Cameroons, Northern",
        "id": "nr"
    },
    {
        "text": "Nova Scotia",
        "id": "nsc"
    },
    {
        "text": "Northwest Territories",
        "id": "ntc"
    },
    {
        "text": "Nauru",
        "id": "nu"
    },
    {
        "text": "Nunavut",
        "id": "nuc"
    },
    {
        "text": "Nevada",
        "id": "nvu"
    },
    {
        "text": "Northern Mariana Islands",
        "id": "nw"
    },
    {
        "text": "Trust Territory of the Pacific Islands",
        "id": "nw"
    },
    {
        "text": "Northern Mariana Islands",
        "id": "nw"
    },
    {
        "text": "Agrihan Island",
        "id": "nw"
    },
    {
        "text": "Aguijan Island",
        "id": "nw"
    },
    {
        "text": "Alamagan Island",
        "id": "nw"
    },
    {
        "text": "Anatahan Island",
        "id": "nw"
    },
    {
        "text": "Asuncion Island",
        "id": "nw"
    },
    {
        "text": "Farallon de Medinilla Island",
        "id": "nw"
    },
    {
        "text": "Farallon de Pajaros Island",
        "id": "nw"
    },
    {
        "text": "Guguan Island",
        "id": "nw"
    },
    {
        "text": "Mariana Islands",
        "id": "nw"
    },
    {
        "text": "Maug Islands",
        "id": "nw"
    },
    {
        "text": "Pacific Islands (Trust Territory)",
        "id": "nw"
    },
    {
        "text": "Trust Territory of the Pacific Islands",
        "id": "nw"
    },
    {
        "text": "Pagan Island",
        "id": "nw"
    },
    {
        "text": "Rota Island",
        "id": "nw"
    },
    {
        "text": "Saipan Island",
        "id": "nw"
    },
    {
        "text": "Sarigan Island",
        "id": "nw"
    },
    {
        "text": "Tinian Island",
        "id": "nw"
    },
    {
        "text": "Trust Territory of the Pacific Islands",
        "id": "nw"
    },
    {
        "text": "Trust Territory of the Pacific Islands",
        "id": "nw"
    },
    {
        "text": "Norfolk Island ",
        "id": "nx"
    },
    {
        "text": "New York (State)",
        "id": "nyu"
    },
    {
        "text": "New Zealand",
        "id": "nz"
    },
    {
        "text": "Chatham Islands",
        "id": "nz"
    },
    {
        "text": "Kermadec Islands",
        "id": "nz"
    },
    {
        "text": "North Island",
        "id": "nz"
    },
    {
        "text": "South Island",
        "id": "nz"
    },
    {
        "text": "Stewart Island",
        "id": "nz"
    },
    {
        "text": "Ohio",
        "id": "ohu"
    },
    {
        "text": "Oklahoma",
        "id": "oku"
    },
    {
        "text": "Ontario",
        "id": "onc"
    },
    {
        "text": "Oregon",
        "id": "oru"
    },
    {
        "text": "Mayotte",
        "id": "ot"
    },
    {
        "text": "Comoros",
        "id": "ot"
    },
    {
        "text": "Pennsylvania",
        "id": "pau"
    },
    {
        "text": "Pitcairn Island",
        "id": "pc"
    },
    {
        "text": "Ducie Atoll",
        "id": "pc"
    },
    {
        "text": "Henderson Island",
        "id": "pc"
    },
    {
        "text": "Oeno Atoll",
        "id": "pc"
    },
    {
        "text": "Peru",
        "id": "pe"
    },
    {
        "text": "Paracel Islands]",
        "id": "pf"
    },
    {
        "text": "Guinea-Bissau",
        "id": "pg"
    },
    {
        "text": "Arquipélago dos Bijagós",
        "id": "pg"
    },
    {
        "text": "Bijagós, Arquipélago dos",
        "id": "pg"
    },
    {
        "text": "Bissagos Islands",
        "id": "pg"
    },
    {
        "text": "Guinea, Portuguese",
        "id": "pg"
    },
    {
        "text": "Portuguese Guinea",
        "id": "pg"
    },
    {
        "text": "Philippines",
        "id": "ph"
    },
    {
        "text": "Prince Edward Island",
        "id": "pic"
    },
    {
        "text": "Pakistan",
        "id": "pk"
    },
    {
        "text": "Gwadar",
        "id": "pk"
    },
    {
        "text": "West Pakistan",
        "id": "pk"
    },
    {
        "text": "Poland",
        "id": "pl"
    },
    {
        "text": "Panama",
        "id": "pn"
    },
    {
        "text": "Canal Zone",
        "id": "pn"
    },
    {
        "text": "Canal Zone",
        "id": "pn"
    },
    {
        "text": "Portugal",
        "id": "po"
    },
    {
        "text": "Azores",
        "id": "po"
    },
    {
        "text": "Madeira Island",
        "id": "po"
    },
    {
        "text": "Papua New Guinea",
        "id": "pp"
    },
    {
        "text": "Admiralty Islands",
        "id": "pp"
    },
    {
        "text": "Bismarck Archipelago",
        "id": "pp"
    },
    {
        "text": "D'Entrecasteaux Islands",
        "id": "pp"
    },
    {
        "text": "Louisiada Archipelago",
        "id": "pp"
    },
    {
        "text": "New Britain Island",
        "id": "pp"
    },
    {
        "text": "New Guinea",
        "id": "pp"
    },
    {
        "text": "New Ireland Island",
        "id": "pp"
    },
    {
        "text": "North East New Guinea",
        "id": "pp"
    },
    {
        "text": "Solomon Islands, Northern",
        "id": "pp"
    },
    {
        "text": "Trobriand Islands",
        "id": "pp"
    },
    {
        "text": "Woodlark Island",
        "id": "pp"
    },
    {
        "text": "Puerto Rico",
        "id": "pr"
    },
    {
        "text": "Palau",
        "id": "pw"
    },
    {
        "text": "Trust Territory of the Pacific Islands",
        "id": "pw"
    },
    {
        "text": "Angaur Island",
        "id": "pw"
    },
    {
        "text": "Babelthuap Island",
        "id": "pw"
    },
    {
        "text": "Belau",
        "id": "pw"
    },
    {
        "text": "Helen Island",
        "id": "pw"
    },
    {
        "text": "Merir Island",
        "id": "pw"
    },
    {
        "text": "Pacific Islands (Trust Territory)",
        "id": "pw"
    },
    {
        "text": "Trust Territory of the Pacific Islands",
        "id": "pw"
    },
    {
        "text": "Peleliu Island",
        "id": "pw"
    },
    {
        "text": "Pelew",
        "id": "pw"
    },
    {
        "text": "Pulo Anna Island",
        "id": "pw"
    },
    {
        "text": "Sonsoral Islands",
        "id": "pw"
    },
    {
        "text": "Tobi Island",
        "id": "pw"
    },
    {
        "text": "Trust Territory of the Pacific Islands",
        "id": "pw"
    },
    {
        "text": "Trust Territory of the Pacific Islands",
        "id": "pw"
    },
    {
        "text": "Paraguay",
        "id": "py"
    },
    {
        "text": "Qatar",
        "id": "qa"
    },
    {
        "text": "Queensland",
        "id": "qea"
    },
    {
        "text": "Québec (Province)",
        "id": "quc"
    },
    {
        "text": "Serbia",
        "id": "rb"
    },
    {
        "text": "Yugoslavia",
        "id": "rb"
    },
    {
        "text": "Yugoslavia",
        "id": "rb"
    },
    {
        "text": "Réunion",
        "id": "re"
    },
    {
        "text": "Bassas da India",
        "id": "re"
    },
    {
        "text": "Europa, Ile",
        "id": "re"
    },
    {
        "text": "Glorieuses, Iles",
        "id": "re"
    },
    {
        "text": "Ile Europa",
        "id": "re"
    },
    {
        "text": "Ile Juan de Nova",
        "id": "re"
    },
    {
        "text": "Ile Tromelin",
        "id": "re"
    },
    {
        "text": "Iles Glorieuses",
        "id": "re"
    },
    {
        "text": "Juan de Nova, Ile",
        "id": "re"
    },
    {
        "text": "Tromelin, Ile",
        "id": "re"
    },
    {
        "text": "Zimbabwe",
        "id": "rh"
    },
    {
        "text": "Rhodesia",
        "id": "rh"
    },
    {
        "text": "Southern Rhodesia",
        "id": "rh"
    },
    {
        "text": "Zimbabwe Rhodesia",
        "id": "rh"
    },
    {
        "text": "Rhode Island",
        "id": "riu"
    },
    {
        "text": "Romania",
        "id": "rm"
    },
    {
        "text": "Rumania",
        "id": "rm"
    },
    {
        "text": "Russia (Federation)",
        "id": "ru"
    },
    {
        "text": "Russian S.F.S.R.",
        "id": "ru"
    },
    {
        "text": "Franz Josef Land",
        "id": "ru"
    },
    {
        "text": "Habomai Islands",
        "id": "ru"
    },
    {
        "text": "Kuril Islands (Southern)",
        "id": "ru"
    },
    {
        "text": "New Siberian Islands",
        "id": "ru"
    },
    {
        "text": "Novaya Zemlya",
        "id": "ru"
    },
    {
        "text": "Russian S.F.S.R.",
        "id": "ru"
    },
    {
        "text": "Russian S.F.S.R.",
        "id": "ru"
    },
    {
        "text": "Sakhalin (Southern)",
        "id": "ru"
    },
    {
        "text": "Severnaya Zemlya",
        "id": "ru"
    },
    {
        "text": "Soviet Union",
        "id": "ru"
    },
    {
        "text": "Soviet Union",
        "id": "ru"
    },
    {
        "text": "Soviet Union",
        "id": "ru"
    },
    {
        "text": "Wrangel Island",
        "id": "ru"
    },
    {
        "text": "Rwanda",
        "id": "rw"
    },
    {
        "text": "South Africa",
        "id": "sa"
    },
    {
        "text": "Bophuthatswana",
        "id": "sa"
    },
    {
        "text": "Ciskei",
        "id": "sa"
    },
    {
        "text": "Lebowa",
        "id": "sa"
    },
    {
        "text": "Machangana",
        "id": "sa"
    },
    {
        "text": "Marion Island",
        "id": "sa"
    },
    {
        "text": "Prince Edward Islands",
        "id": "sa"
    },
    {
        "text": "South Sotho",
        "id": "sa"
    },
    {
        "text": "Transkei",
        "id": "sa"
    },
    {
        "text": "Tswana",
        "id": "sa"
    },
    {
        "text": "Venda",
        "id": "sa"
    },
    {
        "text": "Walvis Bay Enclave",
        "id": "sa"
    },
    {
        "text": "Zulu",
        "id": "sa"
    },
    {
        "text": "Saint-Barthélemy",
        "id": "sc"
    },
    {
        "text": "Ile Saint-Barthélemy",
        "id": "sc"
    },
    {
        "text": "Saint Bartholomew",
        "id": "sc"
    },
    {
        "text": "Saint Barts",
        "id": "sc"
    },
    {
        "text": "St. Barthélemy",
        "id": "sc"
    },
    {
        "text": "South Carolina",
        "id": "scu"
    },
    {
        "text": "South Sudan",
        "id": "sd"
    },
    {
        "text": "Sudan, South",
        "id": "sd"
    },
    {
        "text": "South Dakota",
        "id": "sdu"
    },
    {
        "text": "Seychelles",
        "id": "se"
    },
    {
        "text": "Aldabra Islands",
        "id": "se"
    },
    {
        "text": "British Indian Ocean Territory",
        "id": "se"
    },
    {
        "text": "Alphonse Island",
        "id": "se"
    },
    {
        "text": "Amirante Isles",
        "id": "se"
    },
    {
        "text": "Bijoutier Island",
        "id": "se"
    },
    {
        "text": "Cosmoledo Islands",
        "id": "se"
    },
    {
        "text": "Desroches, Ile",
        "id": "se"
    },
    {
        "text": "British Indian Ocean Territory",
        "id": "se"
    },
    {
        "text": "Farquhar Atoll",
        "id": "se"
    },
    {
        "text": "British Indian Ocean Territory",
        "id": "se"
    },
    {
        "text": "François Island",
        "id": "se"
    },
    {
        "text": "Ile Desroches",
        "id": "se"
    },
    {
        "text": "British Indian Ocean Territory",
        "id": "se"
    },
    {
        "text": "Saint Francois Island",
        "id": "se"
    },
    {
        "text": "Saint Pierre Islet",
        "id": "se"
    },
    {
        "text": "Sao Tome and Principe",
        "id": "sf"
    },
    {
        "text": "Senegal",
        "id": "sg"
    },
    {
        "text": "Spanish North Africa",
        "id": "sh"
    },
    {
        "text": "Ceuta",
        "id": "sh"
    },
    {
        "text": "Chafarinas, Islas",
        "id": "sh"
    },
    {
        "text": "Islas Chafarinas",
        "id": "sh"
    },
    {
        "text": "Melilla",
        "id": "sh"
    },
    {
        "text": "Peñón de Alhucemas",
        "id": "sh"
    },
    {
        "text": "Peñón de Vélez de la Gomera",
        "id": "sh"
    },
    {
        "text": "Plazas de Soberania",
        "id": "sh"
    },
    {
        "text": "Spanish Territories in Northern Morocco",
        "id": "sh"
    },
    {
        "text": "Singapore",
        "id": "si"
    },
    {
        "text": "Sudan",
        "id": "sj"
    },
    {
        "text": "Sierra Leone",
        "id": "sl"
    },
    {
        "text": "San Marino",
        "id": "sm"
    },
    {
        "text": "Sint Maarten",
        "id": "sn"
    },
    {
        "text": "Netherlands Antilles",
        "id": "sn"
    },
    {
        "text": "Netherlands Antilles",
        "id": "sn"
    },
    {
        "text": "Netherlands Antilles",
        "id": "sn"
    },
    {
        "text": "Saint Martin, Southern",
        "id": "sn"
    },
    {
        "text": "Netherlands Antilles",
        "id": "sn"
    },
    {
        "text": "Sint Maarten (Netherlands Antilles)",
        "id": "sn"
    },
    {
        "text": "Saskatchewan",
        "id": "snc"
    },
    {
        "text": "Somalia",
        "id": "so"
    },
    {
        "text": "Somali Republic",
        "id": "so"
    },
    {
        "text": "Spain",
        "id": "sp"
    },
    {
        "text": "Balearic Islands",
        "id": "sp"
    },
    {
        "text": "Canary Islands",
        "id": "sp"
    },
    {
        "text": "Swaziland",
        "id": "sq"
    },
    {
        "text": "Surinam",
        "id": "sr"
    },
    {
        "text": "Dutch Guiana",
        "id": "sr"
    },
    {
        "text": "Guiana, Dutch",
        "id": "sr"
    },
    {
        "text": "Netherlands Guiana",
        "id": "sr"
    },
    {
        "text": "Western Sahara ",
        "id": "ss"
    },
    {
        "text": "Río de Oro",
        "id": "ss"
    },
    {
        "text": "Saguia el Hamra",
        "id": "ss"
    },
    {
        "text": "Spanish Sahara",
        "id": "ss"
    },
    {
        "text": "Saint-Martin",
        "id": "st"
    },
    {
        "text": "Collectivity of Saint Martin",
        "id": "st"
    },
    {
        "text": "Saint-Martin (Collectivity)",
        "id": "st"
    },
    {
        "text": "Saint-Martin (France: Collectivity)",
        "id": "st"
    },
    {
        "text": "Saint Martin, Northern",
        "id": "st"
    },
    {
        "text": "Scotland",
        "id": "stk"
    },
    {
        "text": "Saudi Arabia",
        "id": "su"
    },
    {
        "text": "Sweden",
        "id": "sw"
    },
    {
        "text": "Namibia",
        "id": "sx"
    },
    {
        "text": "South-West Africa",
        "id": "sx"
    },
    {
        "text": "Syria",
        "id": "sy"
    },
    {
        "text": "Syrian Arab Republic",
        "id": "sy"
    },
    {
        "text": "Switzerland",
        "id": "sz"
    },
    {
        "text": "Tajikistan",
        "id": "ta"
    },
    {
        "text": "Tajik S.S.R.",
        "id": "ta"
    },
    {
        "text": "Soviet Union",
        "id": "ta"
    },
    {
        "text": "Soviet Union",
        "id": "ta"
    },
    {
        "text": "Soviet Union",
        "id": "ta"
    },
    {
        "text": "Tadzhik S.S.R.",
        "id": "ta"
    },
    {
        "text": "Tajik S.S.R.",
        "id": "ta"
    },
    {
        "text": "Tajik S.S.R.",
        "id": "ta"
    },
    {
        "text": "Tajik S.S.R.",
        "id": "ta"
    },
    {
        "text": "Turks and Caicos Islands",
        "id": "tc"
    },
    {
        "text": "Caicos Islands",
        "id": "tc"
    },
    {
        "text": "Togo",
        "id": "tg"
    },
    {
        "text": "Thailand",
        "id": "th"
    },
    {
        "text": "Siam",
        "id": "th"
    },
    {
        "text": "Tunisia",
        "id": "ti"
    },
    {
        "text": "Turkmenistan",
        "id": "tk"
    },
    {
        "text": "Turkmen S.S.R.",
        "id": "tk"
    },
    {
        "text": "Soviet Union",
        "id": "tk"
    },
    {
        "text": "Soviet Union",
        "id": "tk"
    },
    {
        "text": "Soviet Union",
        "id": "tk"
    },
    {
        "text": "Turkmen S.S.R.",
        "id": "tk"
    },
    {
        "text": "Turkmen S.S.R.",
        "id": "tk"
    },
    {
        "text": "Tokelau",
        "id": "tl"
    },
    {
        "text": "Atafu Atoll",
        "id": "tl"
    },
    {
        "text": "Fakaofu Atoll",
        "id": "tl"
    },
    {
        "text": "Nukunono Atoll",
        "id": "tl"
    },
    {
        "text": "Union Islands",
        "id": "tl"
    },
    {
        "text": "Tasmania",
        "id": "tma"
    },
    {
        "text": "Tennessee",
        "id": "tnu"
    },
    {
        "text": "Tonga",
        "id": "to"
    },
    {
        "text": "Friendly Islands",
        "id": "to"
    },
    {
        "text": "Haapai",
        "id": "to"
    },
    {
        "text": "Lulunga",
        "id": "to"
    },
    {
        "text": "Nomuka",
        "id": "to"
    },
    {
        "text": "Otu Tolu",
        "id": "to"
    },
    {
        "text": "Tongatapu",
        "id": "to"
    },
    {
        "text": "Vavau",
        "id": "to"
    },
    {
        "text": "Trinidad and Tobago",
        "id": "tr"
    },
    {
        "text": "Tobago",
        "id": "tr"
    },
    {
        "text": "United Arab Emirates",
        "id": "ts"
    },
    {
        "text": "Abu Dhabi",
        "id": "ts"
    },
    {
        "text": "Abu Zaby",
        "id": "ts"
    },
    {
        "text": "`Ajman",
        "id": "ts"
    },
    {
        "text": "Dubai",
        "id": "ts"
    },
    {
        "text": "Dubayy",
        "id": "ts"
    },
    {
        "text": "Fujairah",
        "id": "ts"
    },
    {
        "text": "Fujayrah",
        "id": "ts"
    },
    {
        "text": "Kalba",
        "id": "ts"
    },
    {
        "text": "Oman, Trucial",
        "id": "ts"
    },
    {
        "text": "Ras al Khaimah",
        "id": "ts"
    },
    {
        "text": "Ra's al-Khaymah",
        "id": "ts"
    },
    {
        "text": "Shariqah",
        "id": "ts"
    },
    {
        "text": "Sharjah",
        "id": "ts"
    },
    {
        "text": "Trucial Coast",
        "id": "ts"
    },
    {
        "text": "Trucial Oman",
        "id": "ts"
    },
    {
        "text": "Trucial Sheikdoms",
        "id": "ts"
    },
    {
        "text": "Trucial States",
        "id": "ts"
    },
    {
        "text": "Umm al Qaiwain",
        "id": "ts"
    },
    {
        "text": "Umm al-Qaywayn",
        "id": "ts"
    },
    {
        "text": "Turkey",
        "id": "tu"
    },
    {
        "text": "Tuvalu",
        "id": "tv"
    },
    {
        "text": "Gilbert and Ellice Islands",
        "id": "tv"
    },
    {
        "text": "Ellice Islands",
        "id": "tv"
    },
    {
        "text": "Funafuti Atoll",
        "id": "tv"
    },
    {
        "text": "Gilbert and Ellice Islands",
        "id": "tv"
    },
    {
        "text": "Gilbert and Ellice Islands",
        "id": "tv"
    },
    {
        "text": "Niulakita Island",
        "id": "tv"
    },
    {
        "text": "Nukufetau Atoll",
        "id": "tv"
    },
    {
        "text": "Nukulaelae Atoll",
        "id": "tv"
    },
    {
        "text": "Nukulailai Atoll",
        "id": "tv"
    },
    {
        "text": "Nurakita Island",
        "id": "tv"
    },
    {
        "text": "Texas",
        "id": "txu"
    },
    {
        "text": "Tanzania",
        "id": "tz"
    },
    {
        "text": "Pemba",
        "id": "tz"
    },
    {
        "text": "Tanganyika",
        "id": "tz"
    },
    {
        "text": "Zanzibar",
        "id": "tz"
    },
    {
        "text": "Egypt",
        "id": "ua"
    },
    {
        "text": "Arab Republic of Egypt",
        "id": "ua"
    },
    {
        "text": "United Arab Republic",
        "id": "ua"
    },
    {
        "text": "United States Misc. Caribbean Islands",
        "id": "uc"
    },
    {
        "text": "Navassa Island",
        "id": "uc"
    },
    {
        "text": "Quita Sueno Bank",
        "id": "uc"
    },
    {
        "text": "Roncador Cay",
        "id": "uc"
    },
    {
        "text": "Uganda",
        "id": "ug"
    },
    {
        "text": "United Kingdom Misc. Islands",
        "id": "uik"
    },
    {
        "text": "United Kingdom Misc. Islands",
        "id": "uik"
    },
    {
        "text": "Alderney",
        "id": "uik"
    },
    {
        "text": "Brechou",
        "id": "uik"
    },
    {
        "text": "Channel Islands",
        "id": "uik"
    },
    {
        "text": "Guernsey Island",
        "id": "uik"
    },
    {
        "text": "Herm Island",
        "id": "uik"
    },
    {
        "text": "Isle of Man",
        "id": "uik"
    },
    {
        "text": "Jersey (Island)",
        "id": "uik"
    },
    {
        "text": "Jethou",
        "id": "uik"
    },
    {
        "text": "Lihou",
        "id": "uik"
    },
    {
        "text": "Orkney Islands",
        "id": "uik"
    },
    {
        "text": "Sark Island",
        "id": "uik"
    },
    {
        "text": "Shetland Islands",
        "id": "uik"
    },
    {
        "text": "Ukraine",
        "id": "un"
    },
    {
        "text": "Ukraine",
        "id": "un"
    },
    {
        "text": "United States Misc. Pacific Islands",
        "id": "up"
    },
    {
        "text": "Baker Island",
        "id": "up"
    },
    {
        "text": "Howland Island",
        "id": "up"
    },
    {
        "text": "Jarvis Island",
        "id": "up"
    },
    {
        "text": "Kingman Reef",
        "id": "up"
    },
    {
        "text": "Palmyra Atoll",
        "id": "up"
    },
    {
        "text": "Utah",
        "id": "utu"
    },
    {
        "text": "Burkina Faso",
        "id": "uv"
    },
    {
        "text": "Upper Volta",
        "id": "uv"
    },
    {
        "text": "Uruguay",
        "id": "uy"
    },
    {
        "text": "Uzbekistan",
        "id": "uz"
    },
    {
        "text": "Uzbek S.S.R.",
        "id": "uz"
    },
    {
        "text": "Soviet Union",
        "id": "uz"
    },
    {
        "text": "Soviet Union",
        "id": "uz"
    },
    {
        "text": "Soviet Union",
        "id": "uz"
    },
    {
        "text": "Uzbek S.S.R.",
        "id": "uz"
    },
    {
        "text": "Uzbek S.S.R.",
        "id": "uz"
    },
    {
        "text": "Virginia",
        "id": "vau"
    },
    {
        "text": "British Virgin Islands",
        "id": "vb"
    },
    {
        "text": "Anegada",
        "id": "vb"
    },
    {
        "text": "Colony of the Virgin Islands",
        "id": "vb"
    },
    {
        "text": "Jost Van Dyke",
        "id": "vb"
    },
    {
        "text": "Tortola",
        "id": "vb"
    },
    {
        "text": "Virgin Gorda",
        "id": "vb"
    },
    {
        "text": "Virgin Islands (British)",
        "id": "vb"
    },
    {
        "text": "Vatican City",
        "id": "vc"
    },
    {
        "text": "Holy See",
        "id": "vc"
    },
    {
        "text": "Venezuela",
        "id": "ve"
    },
    {
        "text": "Virgin Islands of the United States",
        "id": "vi"
    },
    {
        "text": "Vietnam",
        "id": "vm"
    },
    {
        "text": "Vietnam, North",
        "id": "vm"
    },
    {
        "text": "Vietnam, South",
        "id": "vm"
    },
    {
        "text": "Democratic People's Republic of Vietnam",
        "id": "vm"
    },
    {
        "text": "Vietnam, North",
        "id": "vm"
    },
    {
        "text": "North Vietnam",
        "id": "vm"
    },
    {
        "text": "Vietnam, North",
        "id": "vm"
    },
    {
        "text": "South Vietnam",
        "id": "vm"
    },
    {
        "text": "Vietnam, South",
        "id": "vm"
    },
    {
        "text": "Vietnam, North",
        "id": "vm"
    },
    {
        "text": "Vietnam, North",
        "id": "vm"
    },
    {
        "text": "Vietnam, Republic of",
        "id": "vm"
    },
    {
        "text": "Vietnam, South",
        "id": "vm"
    },
    {
        "text": "Vietnam, South",
        "id": "vm"
    },
    {
        "text": "Vietnam, South",
        "id": "vm"
    },
    {
        "text": "Various places",
        "id": "vp"
    },
    {
        "text": "Victoria",
        "id": "vra"
    },
    {
        "text": "Vermont",
        "id": "vtu"
    },
    {
        "text": "Washington (State)",
        "id": "wau"
    },
    {
        "text": "Western Australia",
        "id": "wea"
    },
    {
        "text": "Wallis and Futuna",
        "id": "wf"
    },
    {
        "text": "Alofi",
        "id": "wf"
    },
    {
        "text": "Futuna",
        "id": "wf"
    },
    {
        "text": "Horne, Iles de",
        "id": "wf"
    },
    {
        "text": "Ile Uvea (Wallis and Futuna)",
        "id": "wf"
    },
    {
        "text": "Iles de Horne",
        "id": "wf"
    },
    {
        "text": "Uvea (Wallis and Futuna)",
        "id": "wf"
    },
    {
        "text": "Wisconsin",
        "id": "wiu"
    },
    {
        "text": "West Bank of the Jordan River",
        "id": "wj"
    },
    {
        "text": "Jordan (Territory under Israeli occupation, 1967- )",
        "id": "wj"
    },
    {
        "text": "Wake Island",
        "id": "wk"
    },
    {
        "text": "Wales",
        "id": "wlk"
    },
    {
        "text": "Samoa",
        "id": "ws"
    },
    {
        "text": "Samoa i Sisifo",
        "id": "ws"
    },
    {
        "text": "Samoa, Western",
        "id": "ws"
    },
    {
        "text": "Savai'i",
        "id": "ws"
    },
    {
        "text": "Upolu",
        "id": "ws"
    },
    {
        "text": "Western Samoa",
        "id": "ws"
    },
    {
        "text": "West Virginia",
        "id": "wvu"
    },
    {
        "text": "Wyoming",
        "id": "wyu"
    },
    {
        "text": "Christmas Island (Indian Ocean)",
        "id": "xa"
    },
    {
        "text": "Cocos (Keeling) Islands",
        "id": "xb"
    },
    {
        "text": "Keeling Islands",
        "id": "xb"
    },
    {
        "text": "Maldives",
        "id": "xc"
    },
    {
        "text": "Maldive Islands",
        "id": "xc"
    },
    {
        "text": "Saint Kitts-Nevis",
        "id": "xd"
    },
    {
        "text": "Saint Kitts-Nevis-Anguilla",
        "id": "xd"
    },
    {
        "text": "Saint Christopher",
        "id": "xd"
    },
    {
        "text": "Saint Kitts-Nevis-Anguilla",
        "id": "xd"
    },
    {
        "text": "Saint Kitts-Nevis-Anguilla",
        "id": "xd"
    },
    {
        "text": "St. Christopher",
        "id": "xd"
    },
    {
        "text": "Marshall Islands",
        "id": "xe"
    },
    {
        "text": "Trust Territory of the Pacific Islands",
        "id": "xe"
    },
    {
        "text": "Ailinglapalap Atoll",
        "id": "xe"
    },
    {
        "text": "Arno (Atoll)",
        "id": "xe"
    },
    {
        "text": "Bikini (Atoll)",
        "id": "xe"
    },
    {
        "text": "Ebon Atoll",
        "id": "xe"
    },
    {
        "text": "Eniwetok Atoll",
        "id": "xe"
    },
    {
        "text": "Jaluit Atoll",
        "id": "xe"
    },
    {
        "text": "Kili Island",
        "id": "xe"
    },
    {
        "text": "Kwajalein Atoll",
        "id": "xe"
    },
    {
        "text": "Majuro Atoll",
        "id": "xe"
    },
    {
        "text": "Maloelap Atoll",
        "id": "xe"
    },
    {
        "text": "Mili Atoll",
        "id": "xe"
    },
    {
        "text": "Namorik Atoll",
        "id": "xe"
    },
    {
        "text": "Pacific Islands (Trust Territory)",
        "id": "xe"
    },
    {
        "text": "Trust Territory of the Pacific Islands",
        "id": "xe"
    },
    {
        "text": "Ralik Chain",
        "id": "xe"
    },
    {
        "text": "Ratak Chains",
        "id": "xe"
    },
    {
        "text": "Rongelap Atoll",
        "id": "xe"
    },
    {
        "text": "Taongi Atoll",
        "id": "xe"
    },
    {
        "text": "Trust Territory of the Pacific Islands",
        "id": "xe"
    },
    {
        "text": "Trust Territory of the Pacific Islands",
        "id": "xe"
    },
    {
        "text": "Ujelang Atoll",
        "id": "xe"
    },
    {
        "text": "Utirik Atoll",
        "id": "xe"
    },
    {
        "text": "Wotje Atoll",
        "id": "xe"
    },
    {
        "text": "Midway Islands",
        "id": "xf"
    },
    {
        "text": "Coral Sea Islands Territory",
        "id": "xga"
    },
    {
        "text": "Niue",
        "id": "xh"
    },
    {
        "text": "Saint Helena",
        "id": "xj"
    },
    {
        "text": "Ascension Island (Atlantic Ocean)",
        "id": "xj"
    },
    {
        "text": "Gough Island",
        "id": "xj"
    },
    {
        "text": "Inaccessible Island",
        "id": "xj"
    },
    {
        "text": "Nightingale Island",
        "id": "xj"
    },
    {
        "text": "Tristan da Cunha Island",
        "id": "xj"
    },
    {
        "text": "Saint Lucia",
        "id": "xk"
    },
    {
        "text": "Saint Pierre and Miquelon",
        "id": "xl"
    },
    {
        "text": "Miquelon",
        "id": "xl"
    },
    {
        "text": "Saint Vincent and the Grenadines",
        "id": "xm"
    },
    {
        "text": "Grenadine Islands, Northern",
        "id": "xm"
    },
    {
        "text": "Saint Vincent",
        "id": "xm"
    },
    {
        "text": "Macedonia",
        "id": "xn"
    },
    {
        "text": "Yugoslavia",
        "id": "xn"
    },
    {
        "text": "New South Wales",
        "id": "xna"
    },
    {
        "text": "Slovakia",
        "id": "xo"
    },
    {
        "text": "Czechoslovakia",
        "id": "xo"
    },
    {
        "text": "Czechoslovakia",
        "id": "xo"
    },
    {
        "text": "Czechoslovakia",
        "id": "xo"
    },
    {
        "text": "Slovak Socialist Republic",
        "id": "xo"
    },
    {
        "text": "Northern Territory",
        "id": "xoa"
    },
    {
        "text": "Spratly Island",
        "id": "xp"
    },
    {
        "text": "Czech Republic",
        "id": "xr"
    },
    {
        "text": "Czechoslovakia",
        "id": "xr"
    },
    {
        "text": "Czechoslovakia",
        "id": "xr"
    },
    {
        "text": "Czechoslovakia",
        "id": "xr"
    },
    {
        "text": "South Australia",
        "id": "xra"
    },
    {
        "text": "South Georgia and the South Sandwich Islands",
        "id": "xs"
    },
    {
        "text": "Falkland Islands",
        "id": "xs"
    },
    {
        "text": "South Georgia Island",
        "id": "xs"
    },
    {
        "text": "Falkland Islands",
        "id": "xs"
    },
    {
        "text": "South Sandwich Islands",
        "id": "xs"
    },
    {
        "text": "Falkland Islands",
        "id": "xs"
    },
    {
        "text": "Slovenia",
        "id": "xv"
    },
    {
        "text": "Yugoslavia",
        "id": "xv"
    },
    {
        "text": "No place, unknown, or undetermined",
        "id": "xx"
    },
    {
        "text": "Canada",
        "id": "xxc"
    },
    {
        "text": "Canada",
        "id": "xxc"
    },
    {
        "text": "United Kingdom",
        "id": "xxk"
    },
    {
        "text": "United Kingdom",
        "id": "xxk"
    },
    {
        "text": "Great Britain",
        "id": "xxk"
    },
    {
        "text": "United States",
        "id": "xxu"
    },
    {
        "text": "United States",
        "id": "xxu"
    },
    {
        "text": "Yemen",
        "id": "ye"
    },
    {
        "text": "Yemen",
        "id": "ye"
    },
    {
        "text": "Aden",
        "id": "ye"
    },
    {
        "text": "Yemen (People's Democratic Republic)",
        "id": "ye"
    },
    {
        "text": "Aden (Protectorate)",
        "id": "ye"
    },
    {
        "text": "Yemen (People's Democratic Republic)",
        "id": "ye"
    },
    {
        "text": "Arab Republic of Yemen",
        "id": "ye"
    },
    {
        "text": "Federation of South Arabia",
        "id": "ye"
    },
    {
        "text": "Yemen (People's Democratic Republic)",
        "id": "ye"
    },
    {
        "text": "Kamaran",
        "id": "ye"
    },
    {
        "text": "Yemen (People's Democratic Republic)",
        "id": "ye"
    },
    {
        "text": "Perim",
        "id": "ye"
    },
    {
        "text": "Yemen (People's Democratic Republic",
        "id": "ye"
    },
    {
        "text": "Protectorate of South Arabia",
        "id": "ye"
    },
    {
        "text": "Yemen (People's Democratic Republic",
        "id": "ye"
    },
    {
        "text": "Socotra",
        "id": "ye"
    },
    {
        "text": "Yemen (People's Democratic Republic)",
        "id": "ye"
    },
    {
        "text": "South Arabia",
        "id": "ye"
    },
    {
        "text": "Yemen (People's Democratic Republic)",
        "id": "ye"
    },
    {
        "text": "Southern Yemen",
        "id": "ye"
    },
    {
        "text": "Yemen (People's Democratic Republic)",
        "id": "ye"
    },
    {
        "text": "Yemen (People's Democratic Republic)",
        "id": "ye"
    },
    {
        "text": "Yemen (People's Democratic Republic)",
        "id": "ye"
    },
    {
        "text": "Yukon Territory",
        "id": "ykc"
    },
    {
        "text": "Zambia",
        "id": "za"
    },
    {
        "text": "Northern Rhodesia",
        "id": "za"
    }
]