[
    {
        "text": "Asia",
        "id": "a"
    },
    {
        "text": "Islamic countries",
        "id": "a"
    },
    {
        "text": "Orient",
        "id": "a"
    },
    {
        "text": "East",
        "id": "a"
    },
    {
        "text": "Afghanistan",
        "id": "a-af"
    },
    {
        "text": "Armenia (Republic)",
        "id": "a-ai"
    },
    {
        "text": "Armenia",
        "id": "a-ai"
    },
    {
        "text": "Transcaucasia",
        "id": "a-ai"
    },
    {
        "text": "Armenian S.S.R.",
        "id": "a-ai"
    },
    {
        "text": "Azerbaijan",
        "id": "a-aj"
    },
    {
        "text": "Transcaucasia",
        "id": "a-aj"
    },
    {
        "text": "Azerbaijan S.S.R.",
        "id": "a-aj"
    },
    {
        "text": "Bahrain",
        "id": "a-ba"
    },
    {
        "text": "Bahrein",
        "id": "a-ba"
    },
    {
        "text": "Bangladesh",
        "id": "a-bg"
    },
    {
        "text": "East Pakistan (Pakistan)",
        "id": "a-bg"
    },
    {
        "text": "Borneo",
        "id": "a-bn"
    },
    {
        "text": "Burma",
        "id": "a-br"
    },
    {
        "text": "Shan States",
        "id": "a-br"
    },
    {
        "text": "Myanmar",
        "id": "a-br"
    },
    {
        "text": "Bhutan",
        "id": "a-bt"
    },
    {
        "text": "Brunei",
        "id": "a-bx"
    },
    {
        "text": "Cambodia",
        "id": "a-cb"
    },
    {
        "text": "Kampuchea",
        "id": "a-cb"
    },
    {
        "text": "Khmer Republic",
        "id": "a-cb"
    },
    {
        "text": "China",
        "id": "a-cc"
    },
    {
        "text": "Manchuria (China)",
        "id": "a-cc"
    },
    {
        "text": "Mainland China",
        "id": "a-cc"
    },
    {
        "text": "People's Republic of China",
        "id": "a-cc"
    },
    {
        "text": "Anhui Sheng (China)",
        "id": "a-cc-an"
    },
    {
        "text": "Anhwei Province (China)",
        "id": "a-cc-an"
    },
    {
        "text": "Zhejiang Sheng (China)",
        "id": "a-cc-ch"
    },
    {
        "text": "Chekiang Province (China)",
        "id": "a-cc-ch"
    },
    {
        "text": "Chongqing (China)",
        "id": "a-cc-cq"
    },
    {
        "text": "Ch'ung-ch'ing shih (China)",
        "id": "a-cc-cq"
    },
    {
        "text": "Chungking (China)",
        "id": "a-cc-cq"
    },
    {
        "text": "Fujian Sheng (China)",
        "id": "a-cc-fu"
    },
    {
        "text": "Fukien Province (China)",
        "id": "a-cc-fu"
    },
    {
        "text": "Hainan Sheng (China)",
        "id": "a-cc-ha"
    },
    {
        "text": "Hainan Island (China)",
        "id": "a-cc-ha"
    },
    {
        "text": "Hainan Province (China)",
        "id": "a-cc-ha"
    },
    {
        "text": "Heilongjiang Sheng (China)",
        "id": "a-cc-he"
    },
    {
        "text": "Heilungkiang Province (China)",
        "id": "a-cc-he"
    },
    {
        "text": "Hubei Sheng (China)",
        "id": "a-cc-hh"
    },
    {
        "text": "Hu-pei (China)",
        "id": "a-cc-hh"
    },
    {
        "text": "Hupeh Province (China)",
        "id": "a-cc-hh"
    },
    {
        "text": "Hong Kong (China)",
        "id": "a-cc-hk"
    },
    {
        "text": "Hong Kong",
        "id": "a-cc-hk"
    },
    {
        "text": "Hong Kong (China : Special Administrative Region)",
        "id": "a-cc-hk"
    },
    {
        "text": "Henan Sheng (China)",
        "id": "a-cc-ho"
    },
    {
        "text": "Honan Province (China)",
        "id": "a-cc-ho"
    },
    {
        "text": "Hebei Sheng (China)",
        "id": "a-cc-hp"
    },
    {
        "text": "Ho-pei sheng (China)",
        "id": "a-cc-hp"
    },
    {
        "text": "Hopeh Province (China)",
        "id": "a-cc-hp"
    },
    {
        "text": "Hunan Sheng (China) ",
        "id": "a-cc-hu"
    },
    {
        "text": "Hunan Province (China)",
        "id": "a-cc-hu"
    },
    {
        "text": "Inner Mongolia (China)",
        "id": "a-cc-im"
    },
    {
        "text": "Mongolia (Inner Mongolia)",
        "id": "a-cc-im"
    },
    {
        "text": "Gansu Sheng (China) [a-cc-ka]",
        "id": "a-cc-ka"
    },
    {
        "text": "Kansu Province (China)",
        "id": "a-cc-ka"
    },
    {
        "text": "Guangxi Zhuangzu Zizhiqu (China)",
        "id": "a-cc-kc"
    },
    {
        "text": "Kuang-hsi Chuang tsu tzu chih ch'ü (China)",
        "id": "a-cc-kc"
    },
    {
        "text": "Kwangsi Chuang Autonomous Region",
        "id": "a-cc-kc"
    },
    {
        "text": "Jiangxi Sheng (China)",
        "id": "a-cc-ki"
    },
    {
        "text": "Kiangsi Province (China)",
        "id": "a-cc-ki"
    },
    {
        "text": "Guangdong Sheng (China)",
        "id": "a-cc-kn"
    },
    {
        "text": "Kwangtung Province (China)",
        "id": "a-cc-kn"
    },
    {
        "text": "Jilin Sheng (China)",
        "id": "a-cc-kr"
    },
    {
        "text": "Kirin Province (China)",
        "id": "a-cc-kr"
    },
    {
        "text": "Jiangsu Sheng (China) ",
        "id": "a-cc-ku"
    },
    {
        "text": "Kiangsu Province (China)",
        "id": "a-cc-ku"
    },
    {
        "text": "Guizhou Sheng (China)",
        "id": "a-cc-kw"
    },
    {
        "text": "Kweichow Province (China)",
        "id": "a-cc-kw"
    },
    {
        "text": "Liaoning Sheng (China)",
        "id": "a-cc-lp"
    },
    {
        "text": "Liaoning Province (China)",
        "id": "a-cc-lp"
    },
    {
        "text": "Macau (China : Special Administrative Region)",
        "id": "a-cc-mh"
    },
    {
        "text": "Macao",
        "id": "a-cc-mh"
    },
    {
        "text": "Ningxia Huizu Zizhiqu (China)",
        "id": "a-cc-nn"
    },
    {
        "text": "Ninghsia Province (China)",
        "id": "a-cc-nn"
    },
    {
        "text": "Ningsia Hui Autonomous Region (China)",
        "id": "a-cc-nn"
    },
    {
        "text": "Beijing (China)",
        "id": "a-cc-pe"
    },
    {
        "text": "Peiping (China)",
        "id": "a-cc-pe"
    },
    {
        "text": "Peking (China)",
        "id": "a-cc-pe"
    },
    {
        "text": "Shanxi Sheng (China)",
        "id": "a-cc-sh"
    },
    {
        "text": "Shansi Province (China)",
        "id": "a-cc-sh"
    },
    {
        "text": "Shanghai (China)",
        "id": "a-cc-sm"
    },
    {
        "text": "Shandong Sheng (China)",
        "id": "a-cc-sp"
    },
    {
        "text": "Shantung Province (China)",
        "id": "a-cc-sp"
    },
    {
        "text": "Shaanxi Sheng (China)",
        "id": "a-cc-ss"
    },
    {
        "text": "Shensi Province (China)",
        "id": "a-cc-ss"
    },
    {
        "text": "Xinjiang Uygur Zizhiqu (China)",
        "id": "a-cc-su"
    },
    {
        "text": "Hsin-chiang-wei-wy-erh tzu chin chü (China)",
        "id": "a-cc-su"
    },
    {
        "text": "Sinkiang Uighur Autonomous Region (China)",
        "id": "a-cc-su"
    },
    {
        "text": "Sichuan Sheng (China)",
        "id": "a-cc-sz"
    },
    {
        "text": "Szechwan Province (China)",
        "id": "a-cc-sz"
    },
    {
        "text": "Tibet (China)",
        "id": "a-cc-ti"
    },
    {
        "text": "Tibetan Autonomous Region (China)",
        "id": "a-cc-ti"
    },
    {
        "text": "Tianjin (China)",
        "id": "a-cc-tn"
    },
    {
        "text": "Tientsin (China)",
        "id": "a-cc-tn"
    },
    {
        "text": "Qinghai Sheng (China)",
        "id": "a-cc-ts"
    },
    {
        "text": "Tsinghai Province (China)",
        "id": "a-cc-ts"
    },
    {
        "text": "Yunnan Sheng (China)",
        "id": "a-cc-yu"
    },
    {
        "text": "Yunnan Province (China)",
        "id": "a-cc-yu"
    },
    {
        "text": "Yangtze River (China)",
        "id": "a-ccg"
    },
    {
        "text": "Chang Chiang (China)",
        "id": "a-ccg"
    },
    {
        "text": "Long River (China)",
        "id": "a-ccg"
    },
    {
        "text": "Kunlun Mountains (China and India)",
        "id": "a-cck"
    },
    {
        "text": "Kwenlun Mountains",
        "id": "a-cck"
    },
    {
        "text": "Bo Hai (China)",
        "id": "a-ccp"
    },
    {
        "text": "Bohai (China : Gulf)",
        "id": "a-ccp"
    },
    {
        "text": "Chihli, Gulf of (China)",
        "id": "a-ccp"
    },
    {
        "text": "Po Gulf (China)",
        "id": "a-ccp"
    },
    {
        "text": "Po Hai (China)",
        "id": "a-ccp"
    },
    {
        "text": "Xi River (China)",
        "id": "a-ccs"
    },
    {
        "text": "Hsi Chiang (China)",
        "id": "a-ccs"
    },
    {
        "text": "Si Kiang (China)",
        "id": "a-ccs"
    },
    {
        "text": "Si River (China)",
        "id": "a-ccs"
    },
    {
        "text": "West River (China)",
        "id": "a-ccs"
    },
    {
        "text": "Yellow River (China)",
        "id": "a-ccy"
    },
    {
        "text": "Hoang Ho (China)",
        "id": "a-ccy"
    },
    {
        "text": "Huang Ho (China)",
        "id": "a-ccy"
    },
    {
        "text": "Hwang Ho (China)",
        "id": "a-ccy"
    },
    {
        "text": "Sri Lanka",
        "id": "a-ce"
    },
    {
        "text": "Ceylon",
        "id": "a-ce"
    },
    {
        "text": "Taiwan",
        "id": "a-ch"
    },
    {
        "text": "Pescadores Islands",
        "id": "a-ch"
    },
    {
        "text": "Pratas Islands",
        "id": "a-ch"
    },
    {
        "text": "Formosa",
        "id": "a-ch"
    },
    {
        "text": "Cyprus",
        "id": "a-cy"
    },
    {
        "text": "Timor-Leste",
        "id": "a-em"
    },
    {
        "text": "Lesser Sunda Islands (Indonesia and East Timor)",
        "id": "a-em"
    },
    {
        "text": "Sunda Islands, Lesser (Indonesia and East Timor)",
        "id": "a-em"
    },
    {
        "text": "Timor Island",
        "id": "a-em"
    },
    {
        "text": "East Timor",
        "id": "a-em"
    },
    {
        "text": "Portuguese Timor",
        "id": "a-em"
    },
    {
        "text": "Timor, East",
        "id": "a-em"
    },
    {
        "text": "Timor, Portuguese",
        "id": "a-em"
    },
    {
        "text": "Timor Timur",
        "id": "a-em"
    },
    {
        "text": "Georgia (Republic)",
        "id": "a-gs"
    },
    {
        "text": "Transcaucasia",
        "id": "a-gs"
    },
    {
        "text": "Georgia (Soviet Union)",
        "id": "a-gs"
    },
    {
        "text": "Georgian S.S.R.",
        "id": "a-gs"
    },
    {
        "text": "India",
        "id": "a-ii"
    },
    {
        "text": "Andaman and Nicobar Islands (India)",
        "id": "a-ii"
    },
    {
        "text": "French India",
        "id": "a-ii"
    },
    {
        "text": "India, French",
        "id": "a-ii"
    },
    {
        "text": "Jammu and Kashmir (India)",
        "id": "a-ii"
    },
    {
        "text": "Kashmir",
        "id": "a-ii"
    },
    {
        "text": "Kashmir and Jammu (India)",
        "id": "a-ii"
    },
    {
        "text": "Lakshadweep (India)",
        "id": "a-ii"
    },
    {
        "text": "Laccadive, Minicoy, and Amindivi Islands (India)",
        "id": "a-ii"
    },
    {
        "text": "Sikkim (India)",
        "id": "a-ii"
    },
    {
        "text": "Indonesia",
        "id": "a-io"
    },
    {
        "text": "Celebes (Indonesia)",
        "id": "a-io"
    },
    {
        "text": "Sulawesi (Indonesia)",
        "id": "a-io"
    },
    {
        "text": "Java (Indonesia)",
        "id": "a-io"
    },
    {
        "text": "Kalimantan Barat (Indonesia)",
        "id": "a-io"
    },
    {
        "text": "Lesser Sunda Islands (Indonesia and East Timor)",
        "id": "a-io"
    },
    {
        "text": "Madura Island (Indonesia)",
        "id": "a-io"
    },
    {
        "text": "Maluku (Indonesia)",
        "id": "a-io"
    },
    {
        "text": "Moluccas (Indonesia)",
        "id": "a-io"
    },
    {
        "text": "Papua (Indonesia)",
        "id": "a-io"
    },
    {
        "text": "Irian Barat (Indonesia)",
        "id": "a-io"
    },
    {
        "text": "Irian Jaya (Indonesia)",
        "id": "a-io"
    },
    {
        "text": "West Irian",
        "id": "a-io"
    },
    {
        "text": "West New Guinea",
        "id": "a-io"
    },
    {
        "text": "Sunda Islands, Lesser (Indonesia and East Timor)",
        "id": "a-io"
    },
    {
        "text": "Sumatra (Indonesia)",
        "id": "a-io"
    },
    {
        "text": "Timor Island",
        "id": "a-io"
    },
    {
        "text": "Dutch East Indies",
        "id": "a-io"
    },
    {
        "text": "Netherlands East Indies",
        "id": "a-io"
    },
    {
        "text": "Iraq",
        "id": "a-iq"
    },
    {
        "text": "Babylonia",
        "id": "a-iq"
    },
    {
        "text": "Iran",
        "id": "a-ir"
    },
    {
        "text": "Armenia",
        "id": "a-ir"
    },
    {
        "text": "Persia",
        "id": "a-ir"
    },
    {
        "text": "Israel",
        "id": "a-is"
    },
    {
        "text": "Jerusalem",
        "id": "a-is"
    },
    {
        "text": "Palestine",
        "id": "a-is"
    },
    {
        "text": "Japan",
        "id": "a-ja"
    },
    {
        "text": "Okinawa Island (Japan)",
        "id": "a-ja"
    },
    {
        "text": "Ryukyu Islands",
        "id": "a-ja"
    },
    {
        "text": "Ryukyu Islands, Southern",
        "id": "a-ja"
    },
    {
        "text": "Jordan",
        "id": "a-jo"
    },
    {
        "text": "Transjordan",
        "id": "a-jo"
    },
    {
        "text": "Kyrgyzstan",
        "id": "a-kg"
    },
    {
        "text": "Kirghiz S.S.R.",
        "id": "a-kg"
    },
    {
        "text": "Korea (North)",
        "id": "a-kn"
    },
    {
        "text": "Korean People's Republic",
        "id": "a-kn"
    },
    {
        "text": "North Korea",
        "id": "a-kn"
    },
    {
        "text": "Korea (South)",
        "id": "a-ko"
    },
    {
        "text": "Korea (Republic)",
        "id": "a-ko"
    },
    {
        "text": "South Korea",
        "id": "a-ko"
    },
    {
        "text": "Korea",
        "id": "a-kr"
    },
    {
        "text": "Kuwait ",
        "id": "a-ku"
    },
    {
        "text": "Kazakhstan",
        "id": "a-kz"
    },
    {
        "text": "Kazakh S.S.R.",
        "id": "a-kz"
    },
    {
        "text": "Kazakstan",
        "id": "a-kz"
    },
    {
        "text": "Lebanon",
        "id": "a-le"
    },
    {
        "text": "Laos",
        "id": "a-ls"
    },
    {
        "text": "Oman",
        "id": "a-mk"
    },
    {
        "text": "Arabia, Southern",
        "id": "a-mk"
    },
    {
        "text": "Muscat and Oman",
        "id": "a-mk"
    },
    {
        "text": "Mongolia",
        "id": "a-mp"
    },
    {
        "text": "Mongolian People's Republic",
        "id": "a-mp"
    },
    {
        "text": "Outer Mongolia",
        "id": "a-mp"
    },
    {
        "text": "Malaysia",
        "id": "a-my"
    },
    {
        "text": "Sabah",
        "id": "a-my"
    },
    {
        "text": "British North Borneo",
        "id": "a-my"
    },
    {
        "text": "North Borneo",
        "id": "a-my"
    },
    {
        "text": "Sarawak",
        "id": "a-my"
    },
    {
        "text": "Straits Settlements",
        "id": "a-my"
    },
    {
        "text": "Nepal",
        "id": "a-np"
    },
    {
        "text": "New Guinea",
        "id": "a-nw"
    },
    {
        "text": "New Guinea Island",
        "id": "a-nw"
    },
    {
        "text": "Philippines",
        "id": "a-ph"
    },
    {
        "text": "Eastern Samar (Philippines)",
        "id": "a-ph"
    },
    {
        "text": "Luzon (Philippines)",
        "id": "a-ph"
    },
    {
        "text": "Mindanao Island (Philippines)",
        "id": "a-ph"
    },
    {
        "text": "Negros Island (Philippines)",
        "id": "a-ph"
    },
    {
        "text": "Northern Samar (Philippines)",
        "id": "a-ph"
    },
    {
        "text": "Panay Island (Philippines)",
        "id": "a-ph"
    },
    {
        "text": "Samar (Philippines)",
        "id": "a-ph"
    },
    {
        "text": "Philippine Islands",
        "id": "a-ph"
    },
    {
        "text": "Pakistan",
        "id": "a-pk"
    },
    {
        "text": "Azad Kashmir",
        "id": "a-pk"
    },
    {
        "text": "Azad Jammu and Kashmir",
        "id": "a-pk"
    },
    {
        "text": "Kashmir",
        "id": "a-pk"
    },
    {
        "text": "West Pakistan",
        "id": "a-pk"
    },
    {
        "text": "Papua New Guinea",
        "id": "a-pp"
    },
    {
        "text": "Admiralty Islands (Papua New Guinea)",
        "id": "a-pp"
    },
    {
        "text": "Bismarck Archipelago (Papua New Guinea)",
        "id": "a-pp"
    },
    {
        "text": "Bougainville Island (Papua New Guinea)",
        "id": "a-pp"
    },
    {
        "text": "D'Entrecasteaux Islands (Papua New Guinea)",
        "id": "a-pp"
    },
    {
        "text": "Louisiade Archipelago (Papua New Guinea)",
        "id": "a-pp"
    },
    {
        "text": "New Britain Island (Papua New Guinea)",
        "id": "a-pp"
    },
    {
        "text": "New Guinea (Territory)",
        "id": "a-pp"
    },
    {
        "text": "New Ireland Island (Papua New Guinea)",
        "id": "a-pp"
    },
    {
        "text": "Papua",
        "id": "a-pp"
    },
    {
        "text": "Trobriand Islands (Papua New Guinea)",
        "id": "a-pp"
    },
    {
        "text": "Woodlark Islands (Papua New Guinea)",
        "id": "a-pp"
    },
    {
        "text": "Qatar",
        "id": "a-qa"
    },
    {
        "text": "Singapore",
        "id": "a-si"
    },
    {
        "text": "Straits Settlements",
        "id": "a-si"
    },
    {
        "text": "Saudi Arabia",
        "id": "a-su"
    },
    {
        "text": "Syria",
        "id": "a-sy"
    },
    {
        "text": "United Arab Republic",
        "id": "a-sy"
    },
    {
        "text": "Tajikistan",
        "id": "a-ta"
    },
    {
        "text": "Tadzik Soviet Socialist Republic",
        "id": "a-ta"
    },
    {
        "text": "Tajik S.S.R.",
        "id": "a-ta"
    },
    {
        "text": "Thailand",
        "id": "a-th"
    },
    {
        "text": "Malay Peninsula",
        "id": "a-th"
    },
    {
        "text": "Siam",
        "id": "a-th"
    },
    {
        "text": "Turkmenistan",
        "id": "a-tk"
    },
    {
        "text": "Turkmen S.S.R.",
        "id": "a-tk"
    },
    {
        "text": "United Arab Emirates",
        "id": "a-ts"
    },
    {
        "text": "Abū Ẓaby (United Arab Emirates: Emirate)",
        "id": "a-ts"
    },
    {
        "text": "Abu Dhabi (United Arab Emirates : Emirate)",
        "id": "a-ts"
    },
    {
        "text": "Dubayy (United Arab Emirates : Emirate)",
        "id": "a-ts"
    },
    {
        "text": "Dubai",
        "id": "a-ts"
    },
    {
        "text": "Trucial States",
        "id": "a-ts"
    },
    {
        "text": "Turkey",
        "id": "a-tu"
    },
    {
        "text": "Aegean Islands (Greece and Turkey)",
        "id": "a-tu"
    },
    {
        "text": "Islands of the Aegean",
        "id": "a-tu"
    },
    {
        "text": "Aegean Sea",
        "id": "a-tu"
    },
    {
        "text": "Armenia",
        "id": "a-tu"
    },
    {
        "text": "Asia Minor",
        "id": "a-tu"
    },
    {
        "text": "Uzbekistan",
        "id": "a-uz"
    },
    {
        "text": "Uzbek S.S.R.",
        "id": "a-uz"
    },
    {
        "text": "Vietnam",
        "id": "a-vt"
    },
    {
        "text": "Vietnam (Democratic Republic)",
        "id": "a-vt"
    },
    {
        "text": "North Vietnam",
        "id": "a-vt"
    },
    {
        "text": "Vietnam, North",
        "id": "a-vt"
    },
    {
        "text": "Vietnam (Republic)",
        "id": "a-vt"
    },
    {
        "text": "South Vietnam",
        "id": "a-vt"
    },
    {
        "text": "Vietnam, South",
        "id": "a-vt"
    },
    {
        "text": "Yemen (Republic)",
        "id": "a-ye"
    },
    {
        "text": "Aden",
        "id": "a-ye"
    },
    {
        "text": "Aden (Protectorate)",
        "id": "a-ye"
    },
    {
        "text": "Arabia, Southern",
        "id": "a-ye"
    },
    {
        "text": "Federation of South Arabia",
        "id": "a-ye"
    },
    {
        "text": "South Arabia, Federation of",
        "id": "a-ye"
    },
    {
        "text": "Socotra (Yemen)",
        "id": "a-ye"
    },
    {
        "text": "Sokotra (Yemen)",
        "id": "a-ye"
    },
    {
        "text": "Arab Republic of Yemen",
        "id": "a-ye"
    },
    {
        "text": "People's Democratic Republic of Yemen",
        "id": "a-ye"
    },
    {
        "text": "Southern Yemen",
        "id": "a-ye"
    },
    {
        "text": "Yemen (Arab Republic)",
        "id": "a-ye"
    },
    {
        "text": "Yemen (People's Democratic Republic)",
        "id": "a-ye"
    },
    {
        "text": "Amur River (China and Russia)",
        "id": "aa"
    },
    {
        "text": "Hei Ho (China and Russia)",
        "id": "aa"
    },
    {
        "text": "Heilong Jiang (China and Russia)",
        "id": "aa"
    },
    {
        "text": "Reka Amur (China and Russia)",
        "id": "aa"
    },
    {
        "text": "Sakhalin Ula (China and Russia)",
        "id": "aa"
    },
    {
        "text": "Bengal, Bay of",
        "id": "ab"
    },
    {
        "text": "Bay of Bengal",
        "id": "ab"
    },
    {
        "text": "Asia, Central",
        "id": "ac"
    },
    {
        "text": "Central Asia",
        "id": "ac"
    },
    {
        "text": "Soviet Central Asia",
        "id": "ac"
    },
    {
        "text": "East Asia",
        "id": "ae"
    },
    {
        "text": "Asia, East",
        "id": "ae"
    },
    {
        "text": "East (Far East)",
        "id": "ae"
    },
    {
        "text": "Far East",
        "id": "ae"
    },
    {
        "text": "Thailand, Gulf of",
        "id": "af"
    },
    {
        "text": "Gulf of Thailand",
        "id": "af"
    },
    {
        "text": "Siam, Gulf of",
        "id": "af"
    },
    {
        "text": "Mekong River",
        "id": "ag"
    },
    {
        "text": "Dza-chu",
        "id": "ag"
    },
    {
        "text": "Lan-ts'ang Chiang",
        "id": "ag"
    },
    {
        "text": "Lancang Jiang",
        "id": "ag"
    },
    {
        "text": "Song Tíên Giang",
        "id": "ag"
    },
    {
        "text": "Himalaya Mountains",
        "id": "ah"
    },
    {
        "text": "Indochina",
        "id": "ai"
    },
    {
        "text": "French Indochina",
        "id": "ai"
    },
    {
        "text": "Caspian Sea",
        "id": "ak"
    },
    {
        "text": "Malaya",
        "id": "am"
    },
    {
        "text": "Malay Peninsula",
        "id": "am"
    },
    {
        "text": "East China Sea",
        "id": "an"
    },
    {
        "text": "South China Sea",
        "id": "ao"
    },
    {
        "text": "Islands of the South China Sea",
        "id": "ao"
    },
    {
        "text": "Paracel Islands",
        "id": "aopf"
    },
    {
        "text": "Hoàng Sa",
        "id": "aopf"
    },
    {
        "text": "Hsi-sha Islands",
        "id": "aopf"
    },
    {
        "text": "Xisha Islands",
        "id": "aopf"
    },
    {
        "text": "Spratly Islands",
        "id": "aoxp"
    },
    {
        "text": "Nansha Islands",
        "id": "aoxp"
    },
    {
        "text": "Shinnan Islands",
        "id": "aoxp"
    },
    {
        "text": "Persian Gulf",
        "id": "ap"
    },
    {
        "text": "Arabian Peninsula",
        "id": "ar"
    },
    {
        "text": "Persian Gulf States",
        "id": "ar"
    },
    {
        "text": "Arabia",
        "id": "ar"
    },
    {
        "text": "Southeast Asia",
        "id": "as"
    },
    {
        "text": "East Indies",
        "id": "as"
    },
    {
        "text": "Indies, East",
        "id": "as"
    },
    {
        "text": "Malay Archipelagon",
        "id": "as"
    },
    {
        "text": "Asia, Southeastern",
        "id": "as"
    },
    {
        "text": "Southeastern Asia",
        "id": "as"
    },
    {
        "text": "Tien Shan",
        "id": "at"
    },
    {
        "text": "Thian Shan",
        "id": "at"
    },
    {
        "text": "Tian Shan",
        "id": "at"
    },
    {
        "text": "Tien Mountains",
        "id": "at"
    },
    {
        "text": "Arabian Sea",
        "id": "au"
    },
    {
        "text": "Oman, Gulf of",
        "id": "au"
    },
    {
        "text": "Gulf of Oman",
        "id": "au"
    },
    {
        "text": "Middle East",
        "id": "aw"
    },
    {
        "text": "Islamic Empire",
        "id": "aw"
    },
    {
        "text": "Latin Orient",
        "id": "aw"
    },
    {
        "text": "Rome",
        "id": "aw"
    },
    {
        "text": "Roman Empire",
        "id": "aw"
    },
    {
        "text": "Asia, Southwestern",
        "id": "aw"
    },
    {
        "text": "Asia, Western",
        "id": "aw"
    },
    {
        "text": "East (Near East)",
        "id": "aw"
    },
    {
        "text": "Eastern Mediterranean",
        "id": "aw"
    },
    {
        "text": "Levant",
        "id": "aw"
    },
    {
        "text": "Mediterranean Region, Eastern",
        "id": "aw"
    },
    {
        "text": "Mideast",
        "id": "aw"
    },
    {
        "text": "Near East",
        "id": "aw"
    },
    {
        "text": "West Bank",
        "id": "awba"
    },
    {
        "text": "Jerusalem",
        "id": "awba"
    },
    {
        "text": "Palestine",
        "id": "awba"
    },
    {
        "text": "Judaea and Samaria",
        "id": "awba"
    },
    {
        "text": "West Bank of the Jordan River",
        "id": "awba"
    },
    {
        "text": "Gaza Strip",
        "id": "awgz"
    },
    {
        "text": "Palestine",
        "id": "awgz"
    },
    {
        "text": "Yellow Sea",
        "id": "ay"
    },
    {
        "text": "Huang Hai",
        "id": "ay"
    },
    {
        "text": "Kwang Sea",
        "id": "ay"
    },
    {
        "text": "South Asia",
        "id": "az"
    },
    {
        "text": "East Indies",
        "id": "az"
    },
    {
        "text": "Indies, East",
        "id": "az"
    },
    {
        "text": "Asia, South",
        "id": "az"
    },
    {
        "text": "Commonwealth countries",
        "id": "b"
    },
    {
        "text": "British Commonwealth countries",
        "id": "b"
    },
    {
        "text": "British Dominions",
        "id": "b"
    },
    {
        "text": "Commonwealth nations",
        "id": "b"
    },
    {
        "text": "Intercontinental areas (Western Hemisphere)",
        "id": "c"
    },
    {
        "text": "Caribbean Area",
        "id": "cc"
    },
    {
        "text": "Spanish Main",
        "id": "cc"
    },
    {
        "text": "Caribbean Sea Region",
        "id": "cc"
    },
    {
        "text": "Circumcaribbean",
        "id": "cc"
    },
    {
        "text": "Caribbean Sea",
        "id": "cc"
    },
    {
        "text": "Latin America",
        "id": "cl"
    },
    {
        "text": "Neotropics",
        "id": "cl"
    },
    {
        "text": "Developing countries ",
        "id": "d"
    },
    {
        "text": "Emerging nations",
        "id": "d"
    },
    {
        "text": "Third World",
        "id": "d"
    },
    {
        "text": "Underdeveloped areas",
        "id": "d"
    },
    {
        "text": "Developed countries",
        "id": "dd"
    },
    {
        "text": "Advanced countries",
        "id": "dd"
    },
    {
        "text": "Economically advanced countries",
        "id": "dd"
    },
    {
        "text": "First World",
        "id": "dd"
    },
    {
        "text": "Industrialized countries",
        "id": "dd"
    },
    {
        "text": "Europe",
        "id": "e"
    },
    {
        "text": "European Economic Community countries",
        "id": "e"
    },
    {
        "text": "European Union countries",
        "id": "e"
    },
    {
        "text": "Holy Roman Empire",
        "id": "e"
    },
    {
        "text": "Rome",
        "id": "e"
    },
    {
        "text": "Roman Empire",
        "id": "e"
    },
    {
        "text": "Albania",
        "id": "e-aa"
    },
    {
        "text": "People's Socialist Republic of Albania",
        "id": "e-aa"
    },
    {
        "text": "Andorra",
        "id": "e-an"
    },
    {
        "text": "Austria",
        "id": "e-au"
    },
    {
        "text": "Pannonia",
        "id": "e-au"
    },
    {
        "text": "Belgium",
        "id": "e-be"
    },
    {
        "text": "Bosnia and Herzegovina",
        "id": "e-bn"
    },
    {
        "text": "Bosnia and Hercegovina",
        "id": "e-bn"
    },
    {
        "text": "Bulgaria",
        "id": "e-bu"
    },
    {
        "text": "Macedonia",
        "id": "e-bu"
    },
    {
        "text": "Macedonia (Bulgaria)",
        "id": "e-bu"
    },
    {
        "text": "People's Republic of Bulgaria",
        "id": "e-bu"
    },
    {
        "text": "Belarus",
        "id": "e-bw"
    },
    {
        "text": "Kievan Rus",
        "id": "e-bw"
    },
    {
        "text": "Belorussian S.S.R.",
        "id": "e-bw"
    },
    {
        "text": "Byelorussian S.S.R.",
        "id": "e-bw"
    },
    {
        "text": "White Russia",
        "id": "e-bw"
    },
    {
        "text": "Croatia",
        "id": "e-ci"
    },
    {
        "text": "People's Republic of Croatia",
        "id": "e-ci"
    },
    {
        "text": "Czechoslovakia",
        "id": "e-cs"
    },
    {
        "text": "Denmark",
        "id": "e-dk"
    },
    {
        "text": "Estonia",
        "id": "e-er"
    },
    {
        "text": "Finland",
        "id": "e-fi"
    },
    {
        "text": "Lapland",
        "id": "e-fi"
    },
    {
        "text": "France",
        "id": "e-fr"
    },
    {
        "text": "Corsica (France)",
        "id": "e-fr"
    },
    {
        "text": "Germany (East)",
        "id": "e-ge"
    },
    {
        "text": "Democratic German Republic",
        "id": "e-ge"
    },
    {
        "text": "East Germany",
        "id": "e-ge"
    },
    {
        "text": "German Democratic Republic",
        "id": "e-ge"
    },
    {
        "text": "Germany, Eastern",
        "id": "e-ge"
    },
    {
        "text": "Gibraltar",
        "id": "e-gi"
    },
    {
        "text": "Gibraltar, Strait of",
        "id": "e-gi"
    },
    {
        "text": "Strait of Gibraltar",
        "id": "e-gi"
    },
    {
        "text": "Greece",
        "id": "e-gr"
    },
    {
        "text": "Aegean Islands (Greece and Turkey)",
        "id": "e-gr"
    },
    {
        "text": "Islands of the Aegean",
        "id": "e-gr"
    },
    {
        "text": "Aegean Sea",
        "id": "e-gr"
    },
    {
        "text": "Crete (Greece)",
        "id": "e-gr"
    },
    {
        "text": "Dodekanesos (Greece)",
        "id": "e-gr"
    },
    {
        "text": "Macedonia",
        "id": "e-gr"
    },
    {
        "text": "Macedonia (Greece)",
        "id": "e-gr"
    },
    {
        "text": "Germany (West)",
        "id": "e-gw"
    },
    {
        "text": "Federal German Republic",
        "id": "e-gw"
    },
    {
        "text": "German Federal Republic",
        "id": "e-gw"
    },
    {
        "text": "Germany, Western",
        "id": "e-gw"
    },
    {
        "text": "West Germany",
        "id": "e-gw"
    },
    {
        "text": "Germany",
        "id": "e-gx"
    },
    {
        "text": "Berlin (Germany)",
        "id": "e-gx"
    },
    {
        "text": "East Berlin",
        "id": "e-gx"
    },
    {
        "text": "West Berlin",
        "id": "e-gx"
    },
    {
        "text": "Germany, Northern",
        "id": "e-gx"
    },
    {
        "text": "Northern Germany",
        "id": "e-gx"
    },
    {
        "text": "Prussia (Germany)",
        "id": "e-gx"
    },
    {
        "text": "Germany, Southern",
        "id": "e-gx"
    },
    {
        "text": "Southern Germany",
        "id": "e-gx"
    },
    {
        "text": "Hungary",
        "id": "e-hu"
    },
    {
        "text": "Pannonia",
        "id": "e-hu"
    },
    {
        "text": "Iceland",
        "id": "e-ic"
    },
    {
        "text": "Ireland",
        "id": "e-ie"
    },
    {
        "text": "Aran Islands (Ireland)",
        "id": "e-ie"
    },
    {
        "text": "British Isles",
        "id": "e-ie"
    },
    {
        "text": "Eire",
        "id": "e-ie"
    },
    {
        "text": "Ireland (Eire)",
        "id": "e-ie"
    },
    {
        "text": "Irish Republic",
        "id": "e-ie"
    },
    {
        "text": "Republic of Ireland",
        "id": "e-ie"
    },
    {
        "text": "Italy",
        "id": "e-it"
    },
    {
        "text": "Sardinia (Italy)",
        "id": "e-it"
    },
    {
        "text": "Sicily (Italy)",
        "id": "e-it"
    },
    {
        "text": "Kosovo",
        "id": "e-kv"
    },
    {
        "text": "Liechtenstein",
        "id": "e-lh"
    },
    {
        "text": "Lithuania",
        "id": "e-li"
    },
    {
        "text": "Luxembourg",
        "id": "e-lu"
    },
    {
        "text": "Latvia",
        "id": "e-lv"
    },
    {
        "text": "Monaco",
        "id": "e-mc"
    },
    {
        "text": "Malta",
        "id": "e-mm"
    },
    {
        "text": "Montenegro",
        "id": "e-mo"
    },
    {
        "text": "Moldova",
        "id": "e-mv"
    },
    {
        "text": "Moldavia",
        "id": "e-mv"
    },
    {
        "text": "Moldavian S.S.R.",
        "id": "e-mv"
    },
    {
        "text": "Netherlands",
        "id": "e-ne"
    },
    {
        "text": "Holland",
        "id": "e-ne"
    },
    {
        "text": "Norway ",
        "id": "e-no"
    },
    {
        "text": "Lapland",
        "id": "e-no"
    },
    {
        "text": "Poland",
        "id": "e-pl"
    },
    {
        "text": "Portugal",
        "id": "e-po"
    },
    {
        "text": "Iberian Peninsula",
        "id": "e-po"
    },
    {
        "text": "Serbia",
        "id": "e-rb"
    },
    {
        "text": "Romania",
        "id": "e-rm"
    },
    {
        "text": "Moldavia",
        "id": "e-rm"
    },
    {
        "text": "Rumania",
        "id": "e-rm"
    },
    {
        "text": "Russia (Federation) ",
        "id": "e-ru"
    },
    {
        "text": "Kievan Rus",
        "id": "e-ru"
    },
    {
        "text": "Kuril Islands (Russia)",
        "id": "e-ru"
    },
    {
        "text": "Chishima-retto (Russia)",
        "id": "e-ru"
    },
    {
        "text": "Kurile Islands (Russia)",
        "id": "e-ru"
    },
    {
        "text": "Kuril'skie ostrova (Russia)",
        "id": "e-ru"
    },
    {
        "text": "Non-Chernozem Region (Russia)",
        "id": "e-ru"
    },
    {
        "text": "Non-Black Earth Region (Russia)",
        "id": "e-ru"
    },
    {
        "text": "Russia, Northern",
        "id": "e-ru"
    },
    {
        "text": "Northern Russia",
        "id": "e-ru"
    },
    {
        "text": "Northern Soviet Union",
        "id": "e-ru"
    },
    {
        "text": "Soviet Union, Northern",
        "id": "e-ru"
    },
    {
        "text": "Sakha (Russia)",
        "id": "e-ru"
    },
    {
        "text": "Àkutskaíà A.S.S.R. (Russia)",
        "id": "e-ru"
    },
    {
        "text": "Yakutia (Russia)",
        "id": "e-ru"
    },
    {
        "text": "Volgo-Viatskii Region (Russia)",
        "id": "e-ru"
    },
    {
        "text": "R.S.F.S.R.",
        "id": "e-ru"
    },
    {
        "text": "Russian Republic",
        "id": "e-ru"
    },
    {
        "text": "Russian S.F.S.R.",
        "id": "e-ru"
    },
    {
        "text": "Russian Soviet Federated Socialist Republic",
        "id": "e-ru"
    },
    {
        "text": "San Marino",
        "id": "e-sm"
    },
    {
        "text": "Spain",
        "id": "e-sp"
    },
    {
        "text": "Balearic Islands (Spain)",
        "id": "e-sp"
    },
    {
        "text": "Iberian Peninsula",
        "id": "e-sp"
    },
    {
        "text": "Islamic Empire",
        "id": "e-sp"
    },
    {
        "text": "Sweden",
        "id": "e-sw"
    },
    {
        "text": "Lapland",
        "id": "e-sw"
    },
    {
        "text": "Switzerland",
        "id": "e-sz"
    },
    {
        "text": "Great Britain",
        "id": "e-uk"
    },
    {
        "text": "British Isles",
        "id": "e-uk"
    },
    {
        "text": "United Kingdom",
        "id": "e-uk"
    },
    {
        "text": "England",
        "id": "e-uk-en"
    },
    {
        "text": "Brownsea Island (England)",
        "id": "e-uk-en"
    },
    {
        "text": "Isle of Wight (England)",
        "id": "e-uk-en"
    },
    {
        "text": "Wight, Isle of",
        "id": "e-uk-en"
    },
    {
        "text": "Northern Ireland",
        "id": "e-uk-ni"
    },
    {
        "text": "Ireland, Northern",
        "id": "e-uk-ni"
    },
    {
        "text": "Scotland ",
        "id": "e-uk-st"
    },
    {
        "text": "Shetland (Scotland)",
        "id": "e-uk-st"
    },
    {
        "text": "Orkney (Scotland)",
        "id": "e-uk-st"
    },
    {
        "text": "Great Britain Miscellaneous Island Dependencies",
        "id": "e-uk-ui"
    },
    {
        "text": "Alderney (Channel Islands)",
        "id": "e-uk-ui"
    },
    {
        "text": "Calf of Man (Isle of Man)",
        "id": "e-uk-ui"
    },
    {
        "text": "Channel Islands",
        "id": "e-uk-ui"
    },
    {
        "text": "Guernsey (Channel Islands)",
        "id": "e-uk-ui"
    },
    {
        "text": "Isle of Man",
        "id": "e-uk-ui"
    },
    {
        "text": "Man, Isle of",
        "id": "e-uk-ui"
    },
    {
        "text": "Jersey (Channel Islands)",
        "id": "e-uk-ui"
    },
    {
        "text": "Island Dependencies of Great Britain",
        "id": "e-uk-ui"
    },
    {
        "text": "United Kingdom Miscellaneous Island Dependencies",
        "id": "e-uk-ui"
    },
    {
        "text": "Wales",
        "id": "e-uk-wl"
    },
    {
        "text": "Ukraine",
        "id": "e-un"
    },
    {
        "text": "Kievan Rus",
        "id": "e-un"
    },
    {
        "text": "Soviet Union",
        "id": "e-ur"
    },
    {
        "text": "Communist countries",
        "id": "e-ur"
    },
    {
        "text": "Russia",
        "id": "e-ur"
    },
    {
        "text": "Russian Empire",
        "id": "e-ur"
    },
    {
        "text": "Soviet Union, Southern",
        "id": "e-ur"
    },
    {
        "text": "Southern Soviet Union",
        "id": "e-ur"
    },
    {
        "text": "Soviet Union, Western",
        "id": "e-ur"
    },
    {
        "text": "Western Soviet Union",
        "id": "e-ur"
    },
    {
        "text": "Commonwealth of Independent States countries",
        "id": "e-ur"
    },
    {
        "text": "Former Soviet republics",
        "id": "e-ur"
    },
    {
        "text": "U.S.S.R.",
        "id": "e-ur"
    },
    {
        "text": "Central Chernozem Region (Russia)",
        "id": "e-urc"
    },
    {
        "text": "Central Black Earth Region (Russia)",
        "id": "e-urc"
    },
    {
        "text": "Central Black Soil Region (Russia)",
        "id": "e-urc"
    },
    {
        "text": "Siberia, Eastern (Russia)",
        "id": "e-ure"
    },
    {
        "text": "East Siberian Region (Russia)",
        "id": "e-ure"
    },
    {
        "text": "Eastern Siberia (Russia)",
        "id": "e-ure"
    },
    {
        "text": "Russian Far East (Russia)",
        "id": "e-urf"
    },
    {
        "text": "Far East (Russia)",
        "id": "e-urf"
    },
    {
        "text": "Far Eastern Region (Russia)",
        "id": "e-urf"
    },
    {
        "text": "Soviet Far East (Russia)",
        "id": "e-urf"
    },
    {
        "text": "Caucasus",
        "id": "e-urk"
    },
    {
        "text": "Soviet Union, Northwestern",
        "id": "e-urn"
    },
    {
        "text": "Northwestern Soviet Union",
        "id": "e-urn"
    },
    {
        "text": "Volga River (Russia)",
        "id": "e-urp"
    },
    {
        "text": "Caucasus, Northern (Russia)",
        "id": "e-urr"
    },
    {
        "text": "North Caucasus (Russia)",
        "id": "e-urr"
    },
    {
        "text": "Northern Caucasus (Russia)",
        "id": "e-urr"
    },
    {
        "text": "Siberia (Russia)",
        "id": "e-urs"
    },
    {
        "text": "Siberia, Northeastern (Russia)",
        "id": "e-urs"
    },
    {
        "text": "Siberia, Northwestern (Russia)",
        "id": "e-urs"
    },
    {
        "text": "Ural Mountains (Russia)",
        "id": "e-uru"
    },
    {
        "text": "Siberia, Western (Russia)",
        "id": "e-urw"
    },
    {
        "text": "Western Siberia (Russia)",
        "id": "e-urw"
    },
    {
        "text": "Vatican City",
        "id": "e-vc"
    },
    {
        "text": "Holy See",
        "id": "e-vc"
    },
    {
        "text": "Macedonia (Republic)]",
        "id": "e-xn"
    },
    {
        "text": "Macedonia",
        "id": "e-xn"
    },
    {
        "text": "Slovakia",
        "id": "e-xo"
    },
    {
        "text": "Slovak Socialist Republic (Czechoslovakia)",
        "id": "e-xo"
    },
    {
        "text": "Czech Republic [e-xr]",
        "id": "e-xr"
    },
    {
        "text": "Czech Socialist Republic (Czechoslovakia)",
        "id": "e-xr"
    },
    {
        "text": "Slovenia",
        "id": "e-xv"
    },
    {
        "text": "Yugoslavia",
        "id": "e-yu"
    },
    {
        "text": "Pannonia",
        "id": "e-yu"
    },
    {
        "text": "Former Yugoslav republics",
        "id": "e-yu"
    },
    {
        "text": "Alps",
        "id": "ea"
    },
    {
        "text": "Baltic States",
        "id": "eb"
    },
    {
        "text": "Europe, Central",
        "id": "ec"
    },
    {
        "text": "Central Europe",
        "id": "ec"
    },
    {
        "text": "Europe, East Central",
        "id": "ec"
    },
    {
        "text": "Balkan Peninsula",
        "id": "ed"
    },
    {
        "text": "Europe, Southeastern",
        "id": "ed"
    },
    {
        "text": "Southeastern Europe",
        "id": "ed"
    },
    {
        "text": "Europe, Eastern",
        "id": "ee"
    },
    {
        "text": "Carpathian Mountains",
        "id": "ee"
    },
    {
        "text": "Communist countries",
        "id": "ee"
    },
    {
        "text": "Eastern Europe",
        "id": "ee"
    },
    {
        "text": "Europe, East Central",
        "id": "ee"
    },
    {
        "text": "Benelux countries",
        "id": "el"
    },
    {
        "text": "Low countries",
        "id": "el"
    },
    {
        "text": "Europe, Northern",
        "id": "en"
    },
    {
        "text": "Northern Europe",
        "id": "en"
    },
    {
        "text": "Danube River",
        "id": "eo"
    },
    {
        "text": "Pyrenees",
        "id": "ep"
    },
    {
        "text": "Pirineos ",
        "id": "ep"
    },
    {
        "text": "Rhine River",
        "id": "er"
    },
    {
        "text": "Europe, Southern",
        "id": "es"
    },
    {
        "text": "Southern Europe",
        "id": "es"
    },
    {
        "text": "Scandinavia",
        "id": "ev"
    },
    {
        "text": "Europe, Western",
        "id": "ew"
    },
    {
        "text": "Western Europe",
        "id": "ew"
    },
    {
        "text": "Africa",
        "id": "f"
    },
    {
        "text": "Islamic countries",
        "id": "f"
    },
    {
        "text": "Sahel",
        "id": "f"
    },
    {
        "text": "Algeria",
        "id": "f-ae"
    },
    {
        "text": "People's Democratic Republic of Algeria",
        "id": "f-ae"
    },
    {
        "text": "Angola",
        "id": "f-ao"
    },
    {
        "text": "Kongo Kingdom",
        "id": "f-ao"
    },
    {
        "text": "Congo (Kingdom)",
        "id": "f-ao"
    },
    {
        "text": "People's Republic of Angola",
        "id": "f-ao"
    },
    {
        "text": "Portuguese West Africa",
        "id": "f-ao"
    },
    {
        "text": "West Africa, Portuguese",
        "id": "f-ao"
    },
    {
        "text": "Burundi",
        "id": "f-bd"
    },
    {
        "text": "Ruanda-Urundi",
        "id": "f-bd"
    },
    {
        "text": "German East Africa",
        "id": "f-bd"
    },
    {
        "text": "Botswana",
        "id": "f-bs"
    },
    {
        "text": "Bechuanaland",
        "id": "f-bs"
    },
    {
        "text": "Chad",
        "id": "f-cd"
    },
    {
        "text": "Tibesti Mountains",
        "id": "f-cd"
    },
    {
        "text": "Congo (Brazzaville)",
        "id": "f-cf"
    },
    {
        "text": "Kongo Kingdom",
        "id": "f-cf"
    },
    {
        "text": "Congo (Kingdom)",
        "id": "f-cf"
    },
    {
        "text": "Brazzaville",
        "id": "f-cf"
    },
    {
        "text": "French Congo",
        "id": "f-cf"
    },
    {
        "text": "Middle Congo",
        "id": "f-cf"
    },
    {
        "text": "Congo (Democratic Republic)",
        "id": "f-cg"
    },
    {
        "text": "Kongo Kingdom",
        "id": "f-cg"
    },
    {
        "text": "Congo (Kingdom)",
        "id": "f-cg"
    },
    {
        "text": "Belgian Congo",
        "id": "f-cg"
    },
    {
        "text": "Congo (Kinshasa)",
        "id": "f-cg"
    },
    {
        "text": "Congo (Leopoldville)",
        "id": "f-cg"
    },
    {
        "text": "Zaire",
        "id": "f-cg"
    },
    {
        "text": "Cameroon",
        "id": "f-cm"
    },
    {
        "text": "Adamawa (Emirate)",
        "id": "f-cm"
    },
    {
        "text": "Cameroons, French",
        "id": "f-cm"
    },
    {
        "text": "Cameroons, Southern",
        "id": "f-cm"
    },
    {
        "text": "Cameroun",
        "id": "f-cm"
    },
    {
        "text": "French Cameroons",
        "id": "f-cm"
    },
    {
        "text": "Southern Cameroons",
        "id": "f-cm"
    },
    {
        "text": "Central African Republic",
        "id": "f-cx"
    },
    {
        "text": "Central African Empire",
        "id": "f-cx"
    },
    {
        "text": "Ubangi Shari",
        "id": "f-cx"
    },
    {
        "text": "Benin",
        "id": "f-dm"
    },
    {
        "text": "Dahomey",
        "id": "f-dm"
    },
    {
        "text": "People's Republic of Benin",
        "id": "f-dm"
    },
    {
        "text": "Eritrea",
        "id": "f-ea"
    },
    {
        "text": "Equatorial Guinea",
        "id": "f-eg"
    },
    {
        "text": "Fernando Po (Equatorial Guinea)",
        "id": "f-eg"
    },
    {
        "text": "Bioco (Equatorial Guinea)",
        "id": "f-eg"
    },
    {
        "text": "Bioko (Equatorial Guinea)",
        "id": "f-eg"
    },
    {
        "text": "Macias Nguema (Equatorial Guinea)",
        "id": "f-eg"
    },
    {
        "text": "Guinea, Equatorial",
        "id": "f-eg"
    },
    {
        "text": "Guinea, Spanish",
        "id": "f-eg"
    },
    {
        "text": "Río Muni",
        "id": "f-eg"
    },
    {
        "text": "Spanish Guinea",
        "id": "f-eg"
    },
    {
        "text": "Ethiopia",
        "id": "f-et"
    },
    {
        "text": "Abyssinia",
        "id": "f-et"
    },
    {
        "text": "Djibouti",
        "id": "f-ft"
    },
    {
        "text": "Afars and Issas, French Territory of the",
        "id": "f-ft"
    },
    {
        "text": "French Somaliland",
        "id": "f-ft"
    },
    {
        "text": "French Territory of the Afars and Issas",
        "id": "f-ft"
    },
    {
        "text": "Somaliland, French ",
        "id": "f-ft"
    },
    {
        "text": "Ghana",
        "id": "f-gh"
    },
    {
        "text": "Togoland",
        "id": "f-gh"
    },
    {
        "text": "Togoland (British)",
        "id": "f-gh"
    },
    {
        "text": "British Togoland",
        "id": "f-gh"
    },
    {
        "text": "Ashanti",
        "id": "f-gh"
    },
    {
        "text": "Gold Coast",
        "id": "f-gh"
    },
    {
        "text": "Gambia ",
        "id": "f-gm"
    },
    {
        "text": "Gabon ",
        "id": "f-go"
    },
    {
        "text": "Guinea",
        "id": "f-gv"
    },
    {
        "text": "French Guinea",
        "id": "f-gv"
    },
    {
        "text": "Guinea, French",
        "id": "f-gv"
    },
    {
        "text": "Guinée",
        "id": "f-gv"
    },
    {
        "text": "Republique de Guinée",
        "id": "f-gv"
    },
    {
        "text": "Côte d'Ivoire",
        "id": "f-iv"
    },
    {
        "text": "Ivory Coast",
        "id": "f-iv"
    },
    {
        "text": "Kenya",
        "id": "f-ke"
    },
    {
        "text": "East Africa Protectorate",
        "id": "f-ke"
    },
    {
        "text": "Liberia",
        "id": "f-lb"
    },
    {
        "text": "Lesotho",
        "id": "f-lo"
    },
    {
        "text": "Basutoland",
        "id": "f-lo"
    },
    {
        "text": "Libya",
        "id": "f-ly"
    },
    {
        "text": "Tibesti Mountains",
        "id": "f-ly"
    },
    {
        "text": "Madagascar",
        "id": "f-mg"
    },
    {
        "text": "Malagasy Republic",
        "id": "f-mg"
    },
    {
        "text": "Mali",
        "id": "f-ml"
    },
    {
        "text": "Songhai Empire",
        "id": "f-ml"
    },
    {
        "text": "French Sudan",
        "id": "f-ml"
    },
    {
        "text": "Sudan, French",
        "id": "f-ml"
    },
    {
        "text": "Morocco",
        "id": "f-mr"
    },
    {
        "text": "Ifni",
        "id": "f-mr"
    },
    {
        "text": "Tangier (Morocco)",
        "id": "f-mr"
    },
    {
        "text": "French Morocco",
        "id": "f-mr"
    },
    {
        "text": "Mauritania",
        "id": "f-mu"
    },
    {
        "text": "Malawi",
        "id": "f-mw"
    },
    {
        "text": "Rhodesia and Nyasaland",
        "id": "f-mw"
    },
    {
        "text": "Federation of Rhodesia and Nyasaland",
        "id": "f-mw"
    },
    {
        "text": "Nyasaland",
        "id": "f-mw"
    },
    {
        "text": "Mozambique",
        "id": "f-mz"
    },
    {
        "text": "East Africa, Portuguese German East Africa",
        "id": "f-mz"
    },
    {
        "text": "People's Republic of Mozambique",
        "id": "f-mz"
    },
    {
        "text": "Portuguese East Africa",
        "id": "f-mz"
    },
    {
        "text": "Niger",
        "id": "f-ng"
    },
    {
        "text": "Songhai Empire",
        "id": "f-ng"
    },
    {
        "text": "Tibesti Mountains",
        "id": "f-ng"
    },
    {
        "text": "Nigeria",
        "id": "f-nr"
    },
    {
        "text": "Adamawa (Emirate)",
        "id": "f-nr"
    },
    {
        "text": "Songhai Empire",
        "id": "f-nr"
    },
    {
        "text": "Biafra",
        "id": "f-nr"
    },
    {
        "text": "Guinea-Bissau",
        "id": "f-pg"
    },
    {
        "text": "Guinea, Portuguese",
        "id": "f-pg"
    },
    {
        "text": "Portuguese Guinea",
        "id": "f-pg"
    },
    {
        "text": "Zimbabwe ",
        "id": "f-rh"
    },
    {
        "text": "Rhodesia",
        "id": "f-rh"
    },
    {
        "text": "Rhodesia and Nyasaland",
        "id": "f-rh"
    },
    {
        "text": "Federation of Rhodesia and Nyasaland",
        "id": "f-rh"
    },
    {
        "text": "Rhodesia, Southern",
        "id": "f-rh"
    },
    {
        "text": "Southern Rhodesia",
        "id": "f-rh"
    },
    {
        "text": "Rwanda",
        "id": "f-rw"
    },
    {
        "text": "Ruanda-Urundi",
        "id": "f-rw"
    },
    {
        "text": "German East Africa",
        "id": "f-rw"
    },
    {
        "text": "South Africa",
        "id": "f-sa"
    },
    {
        "text": "Bophuthatswana (South Africa)",
        "id": "f-sa"
    },
    {
        "text": "Homelands (South Africa)",
        "id": "f-sa"
    },
    {
        "text": "Prince Edward Islands",
        "id": "f-sa"
    },
    {
        "text": "Froides, Îles",
        "id": "f-sa"
    },
    {
        "text": "Îles Froides",
        "id": "f-sa"
    },
    {
        "text": "Africa, South",
        "id": "f-sa"
    },
    {
        "text": "Union of South Africa",
        "id": "f-sa"
    },
    {
        "text": "South Sudan",
        "id": "f-sd"
    },
    {
        "text": "Sudan, South",
        "id": "f-sd"
    },
    {
        "text": "Sao Tome and Principe",
        "id": "f-sf"
    },
    {
        "text": "São Thomé e Pr¡ncipe",
        "id": "f-sf"
    },
    {
        "text": "Senegal",
        "id": "f-sg"
    },
    {
        "text": "Spanish North Africa",
        "id": "f-sh"
    },
    {
        "text": "Ceuta (Spain)",
        "id": "f-sh"
    },
    {
        "text": "Melilla (Spain)",
        "id": "f-sh"
    },
    {
        "text": "Spanish Territories in Northern Morocco",
        "id": "f-sh"
    },
    {
        "text": "Sudan",
        "id": "f-sj"
    },
    {
        "text": "Anglo-Egyptian Sudan",
        "id": "f-sj"
    },
    {
        "text": "Sierra Leone",
        "id": "f-sl"
    },
    {
        "text": "Somalia",
        "id": "f-so"
    },
    {
        "text": "British Somaliland",
        "id": "f-so"
    },
    {
        "text": "Italian Somaliland",
        "id": "f-so"
    },
    {
        "text": "Somali Republic",
        "id": "f-so"
    },
    {
        "text": "Swaziland",
        "id": "f-sq"
    },
    {
        "text": "Western Sahara",
        "id": "f-ss"
    },
    {
        "text": "Spanish Sahara",
        "id": "f-ss"
    },
    {
        "text": "Namibia",
        "id": "f-sx"
    },
    {
        "text": "Africa, Southwest ",
        "id": "f-sx"
    },
    {
        "text": "South-West Africa",
        "id": "f-sx"
    },
    {
        "text": "Togo",
        "id": "f-tg"
    },
    {
        "text": "Togoland",
        "id": "f-tg"
    },
    {
        "text": "French Togoland",
        "id": "f-tg"
    },
    {
        "text": "Togoland (French)",
        "id": "f-tg"
    },
    {
        "text": "Tunisia",
        "id": "f-ti"
    },
    {
        "text": "Tanzania",
        "id": "f-tz"
    },
    {
        "text": "Pemba Island (Tanzania)",
        "id": "f-tz"
    },
    {
        "text": "Huthera (Tanzania)",
        "id": "f-tz"
    },
    {
        "text": "Tanganyika",
        "id": "f-tz"
    },
    {
        "text": "Zanzibar",
        "id": "f-tz"
    },
    {
        "text": "German East Africa ",
        "id": "f-tz"
    },
    {
        "text": "Egypt",
        "id": "f-ua"
    },
    {
        "text": "United Arab Republic",
        "id": "f-ua"
    },
    {
        "text": "Uganda",
        "id": "f-ug"
    },
    {
        "text": "Burkina Faso",
        "id": "f-uv"
    },
    {
        "text": "Upper Volta",
        "id": "f-uv"
    },
    {
        "text": "Zambia",
        "id": "f-za"
    },
    {
        "text": "Rhodesia",
        "id": "f-za"
    },
    {
        "text": "Rhodesia and Nyasaland",
        "id": "f-za"
    },
    {
        "text": "Federation of Rhodesia and Nyasaland",
        "id": "f-za"
    },
    {
        "text": "Northern Rhodesia",
        "id": "f-za"
    },
    {
        "text": "Atlas Mountains",
        "id": "fa"
    },
    {
        "text": "Africa, Sub-Saharan",
        "id": "fb"
    },
    {
        "text": "Sub-Saharan Africa",
        "id": "fb"
    },
    {
        "text": "Africa, Central",
        "id": "fc"
    },
    {
        "text": "Central Africa",
        "id": "fc"
    },
    {
        "text": "Sahara",
        "id": "fd"
    },
    {
        "text": "Sahara Desert",
        "id": "fd"
    },
    {
        "text": "Africa, Eastern",
        "id": "fe"
    },
    {
        "text": "Africa, East",
        "id": "fe"
    },
    {
        "text": "British East Africa",
        "id": "fe"
    },
    {
        "text": "East Africa",
        "id": "fe"
    },
    {
        "text": "Eastern Africa",
        "id": "fe"
    },
    {
        "text": "Africa, North",
        "id": "ff"
    },
    {
        "text": "Africa, Northwest",
        "id": "ff"
    },
    {
        "text": "Northwest Africa",
        "id": "ff"
    },
    {
        "text": "Islamic Empire",
        "id": "ff"
    },
    {
        "text": "Rome",
        "id": "ff"
    },
    {
        "text": "Roman Empire",
        "id": "ff"
    },
    {
        "text": "North Africa",
        "id": "ff"
    },
    {
        "text": "Congo River",
        "id": "fg"
    },
    {
        "text": "Africa, Northeast",
        "id": "fh"
    },
    {
        "text": "Africa, Italian East",
        "id": "fh"
    },
    {
        "text": "East African Horn",
        "id": "fh"
    },
    {
        "text": "Italian East Africa",
        "id": "fh"
    },
    {
        "text": "Northeast Africa",
        "id": "fh"
    },
    {
        "text": "Niger River",
        "id": "fi"
    },
    {
        "text": "Nile River",
        "id": "fl"
    },
    {
        "text": "Sudan (Region)",
        "id": "fn"
    },
    {
        "text": "Africa, French-speaking Equatorial",
        "id": "fq"
    },
    {
        "text": "Chad, Lake",
        "id": "fq"
    },
    {
        "text": "Africa, Equatorial",
        "id": "fq"
    },
    {
        "text": "French Equatorial Africa",
        "id": "fq"
    },
    {
        "text": "French-speaking Equatorial Africa",
        "id": "fq"
    },
    {
        "text": "Great Rift Valley",
        "id": "fr"
    },
    {
        "text": "Rift Valley",
        "id": "fr"
    },
    {
        "text": "Africa, Southern",
        "id": "fs"
    },
    {
        "text": "Southern Africa",
        "id": "fs"
    },
    {
        "text": "Suez Canal (Egypt)",
        "id": "fu"
    },
    {
        "text": "Volta River (Ghana)",
        "id": "fv"
    },
    {
        "text": "Africa, West",
        "id": "fw"
    },
    {
        "text": "Africa, French-speaking West",
        "id": "fw"
    },
    {
        "text": "French-speaking West Africa",
        "id": "fw"
    },
    {
        "text": "French West Africa",
        "id": "fw"
    },
    {
        "text": "Africa, Northwest",
        "id": "fw"
    },
    {
        "text": "Northwest Africa",
        "id": "fw"
    },
    {
        "text": "Ghana (Empire)",
        "id": "fw"
    },
    {
        "text": "Mali (Empire)",
        "id": "fw"
    },
    {
        "text": "British West Africa",
        "id": "fw"
    },
    {
        "text": "West Africa",
        "id": "fw"
    },
    {
        "text": "Zambezi River",
        "id": "fz"
    },
    {
        "text": "Rio Zambezi",
        "id": "fz"
    },
    {
        "text": "French Community",
        "id": "h"
    },
    {
        "text": "Communauté francaise",
        "id": "h"
    },
    {
        "text": "French Union",
        "id": "h"
    },
    {
        "text": "Indian Ocean",
        "id": "i"
    },
    {
        "text": "Islands of the Indian Ocean",
        "id": "i"
    },
    {
        "text": "Timor Sea",
        "id": "i"
    },
    {
        "text": "British Indian Ocean Territory",
        "id": "i-bi"
    },
    {
        "text": "Diego Garcia (British Indian Ocean Territory)",
        "id": "i-bi"
    },
    {
        "text": "Chagos Islands",
        "id": "i-bi"
    },
    {
        "text": "Indian Ocean Territory, British",
        "id": "i-bi"
    },
    {
        "text": "Comoros",
        "id": "i-cq"
    },
    {
        "text": "Comoro Islands",
        "id": "i-cq"
    },
    {
        "text": "Îles Comores",
        "id": "i-cq"
    },
    {
        "text": "Terres australes et antarctiques françaises",
        "id": "i-fs"
    },
    {
        "text": "Kerguelen Islands",
        "id": "i-fs"
    },
    {
        "text": "Desolation Islands",
        "id": "i-fs"
    },
    {
        "text": "Îles Kerguélen",
        "id": "i-fs"
    },
    {
        "text": "French Southern and Antarctic Lands",
        "id": "i-fs"
    },
    {
        "text": "French Southern Indian Ocean Islands",
        "id": "i-fs"
    },
    {
        "text": "Indian Ocean Islands, French",
        "id": "i-fs"
    },
    {
        "text": "T.A.A.F.",
        "id": "i-fs"
    },
    {
        "text": "Heard and McDonald Islands",
        "id": "i-hm"
    },
    {
        "text": "Heard Island (Heard and McDonald Islands)",
        "id": "i-hm"
    },
    {
        "text": "McDonald Island (Heard and McDonald Islands)",
        "id": "i-hm"
    },
    {
        "text": "Mauritius",
        "id": "i-mf"
    },
    {
        "text": "Mayotte",
        "id": "i-my"
    },
    {
        "text": "Réunion",
        "id": "i-re"
    },
    {
        "text": "Seychelles",
        "id": "i-se"
    },
    {
        "text": "Christmas Island (Indian Ocean)",
        "id": "i-xa"
    },
    {
        "text": "Cocos (Keeling) Islands",
        "id": "i-xb"
    },
    {
        "text": "Keeling Islands",
        "id": "i-xb"
    },
    {
        "text": "Maldives",
        "id": "i-xc"
    },
    {
        "text": "Atlantic Ocean",
        "id": "l"
    },
    {
        "text": "Islands of the Atlantic",
        "id": "l"
    },
    {
        "text": "North Atlantic Ocean",
        "id": "ln"
    },
    {
        "text": "Baltic Sea",
        "id": "ln"
    },
    {
        "text": "Bermuda Triangle",
        "id": "ln"
    },
    {
        "text": "English Channel",
        "id": "ln"
    },
    {
        "text": "Fundy, Bay of",
        "id": "ln"
    },
    {
        "text": "Bay of Fundy",
        "id": "ln"
    },
    {
        "text": "Georges Bank",
        "id": "ln"
    },
    {
        "text": "Irish Sea",
        "id": "ln"
    },
    {
        "text": "North Sea",
        "id": "ln"
    },
    {
        "text": "Norwegian Sea",
        "id": "ln"
    },
    {
        "text": "Skagerrak (Denmark and Norway)",
        "id": "ln"
    },
    {
        "text": "Azores",
        "id": "lnaz"
    },
    {
        "text": "Açores",
        "id": "lnaz"
    },
    {
        "text": "Bermuda Islands",
        "id": "lnbm"
    },
    {
        "text": "Canary Islands",
        "id": "lnca"
    },
    {
        "text": "Cabo Verde",
        "id": "lncv"
    },
    {
        "text": "Cape Verde",
        "id": "lncv"
    },
    {
        "text": "Republic of Cabo Verde",
        "id": "lncv"
    },
    {
        "text": "Republic of Cape Verde",
        "id": "lncv"
    },
    {
        "text": "Faroe Islands",
        "id": "lnfa"
    },
    {
        "text": "Faeroe Islands",
        "id": "lnfa"
    },
    {
        "text": "Jan Mayen Island",
        "id": "lnjn"
    },
    {
        "text": "Madeira Islands",
        "id": "lnma"
    },
    {
        "text": "Selvagens Islands (Madeira Islands)",
        "id": "lnma"
    },
    {
        "text": "Salvage Islands (Madeira Islands)",
        "id": "lnma"
    },
    {
        "text": "Salvages (Madeira Islands)",
        "id": "lnma"
    },
    {
        "text": "Svalbard (Norway)",
        "id": "lnsb"
    },
    {
        "text": "Bear Island (Norway)",
        "id": "lnsb"
    },
    {
        "text": "Bjørnøya (Norway)",
        "id": "lnsb"
    },
    {
        "text": "Spitsbergen Island (Norway)",
        "id": "lnsb"
    },
    {
        "text": "West Spitsbergen (Norway)",
        "id": "lnsb"
    },
    {
        "text": "South Atlantic Ocean",
        "id": "ls"
    },
    {
        "text": "Guinea, Gulf of",
        "id": "ls"
    },
    {
        "text": "Gulf of Guinea",
        "id": "ls"
    },
    {
        "text": "Ascension Island (Atlantic Ocean)",
        "id": "lsai"
    },
    {
        "text": "Bouvet Island",
        "id": "lsbv"
    },
    {
        "text": "Falkland Islands",
        "id": "lsfk"
    },
    {
        "text": "South Orkney Islands",
        "id": "lsfk"
    },
    {
        "text": "Malvinas Islands",
        "id": "lsfk"
    },
    {
        "text": "Tristan da Cunha",
        "id": "lstd"
    },
    {
        "text": "Saint Helena",
        "id": "lsxj"
    },
    {
        "text": "St. Helena",
        "id": "lsxj"
    },
    {
        "text": "South Georgia and South Sandwich Islands",
        "id": "lsxs"
    },
    {
        "text": "Sandwich Islands, South",
        "id": "lsxs"
    },
    {
        "text": "South Sandwich Islands",
        "id": "lsxs"
    },
    {
        "text": "Intercontinental areas (Eastern Hemisphere)",
        "id": "m"
    },
    {
        "text": "Arab countries",
        "id": "ma"
    },
    {
        "text": "Arabic countries",
        "id": "ma"
    },
    {
        "text": "Black Sea",
        "id": "mb"
    },
    {
        "text": "Eurasia",
        "id": "me"
    },
    {
        "text": "Asia and Europe (treated collectively)",
        "id": "me"
    },
    {
        "text": "Europe and Asia (treated collectively)",
        "id": "me"
    },
    {
        "text": "Mediterranean Region",
        "id": "mm"
    },
    {
        "text": "Byzantine Empire",
        "id": "mm"
    },
    {
        "text": "Mediterranean Sea",
        "id": "mm"
    },
    {
        "text": "Adriatic Sea",
        "id": "mm"
    },
    {
        "text": "Gibraltar, Strait of",
        "id": "mm"
    },
    {
        "text": "Strait of Gibraltar",
        "id": "mm"
    },
    {
        "text": "Islands of the Mediterranean",
        "id": "mm"
    },
    {
        "text": "Red Sea",
        "id": "mr"
    },
    {
        "text": "Aden, Gulf of",
        "id": "mr"
    },
    {
        "text": "Gulf of Aden",
        "id": "mr"
    },
    {
        "text": "Aqaba, Gulf of",
        "id": "mr"
    },
    {
        "text": "Gulf of Aqaba",
        "id": "mr"
    },
    {
        "text": "North America",
        "id": "n"
    },
    {
        "text": "America",
        "id": "n"
    },
    {
        "text": "New France",
        "id": "n"
    },
    {
        "text": "Pacific Coast (North America)",
        "id": "n"
    },
    {
        "text": "Canada",
        "id": "n-cn"
    },
    {
        "text": "Canada, Eastern",
        "id": "n-cn"
    },
    {
        "text": "Eastern Canada",
        "id": "n-cn"
    },
    {
        "text": "Canada, Northern",
        "id": "n-cn"
    },
    {
        "text": "Northern Canada",
        "id": "n-cn"
    },
    {
        "text": "Northwest, Canadian",
        "id": "n-cn"
    },
    {
        "text": "Canadian Northwest",
        "id": "n-cn"
    },
    {
        "text": "West (Canada)",
        "id": "n-cn"
    },
    {
        "text": "Saint Lawrence River",
        "id": "n-cn"
    },
    {
        "text": "Alberta",
        "id": "n-cn-ab"
    },
    {
        "text": "British Columbia",
        "id": "n-cn-bc"
    },
    {
        "text": "Canada, Western",
        "id": "n-cn-bc"
    },
    {
        "text": "Western Canada",
        "id": "n-cn-bc"
    },
    {
        "text": "Northwest, Pacific",
        "id": "n-cn-bc"
    },
    {
        "text": "Northwest (U.S.)",
        "id": "n-cn-bc"
    },
    {
        "text": "Pacific Northwest",
        "id": "n-cn-bc"
    },
    {
        "text": "Manitoba",
        "id": "n-cn-mb"
    },
    {
        "text": "Newfoundland and Labrador",
        "id": "n-cn-nf"
    },
    {
        "text": "Labrador (N.L.)",
        "id": "n-cn-nf"
    },
    {
        "text": "New Brunswick",
        "id": "n-cn-nk"
    },
    {
        "text": "Nova Scotia",
        "id": "n-cn-ns"
    },
    {
        "text": "Northwest Territories",
        "id": "n-cn-nt"
    },
    {
        "text": "Nunavut ",
        "id": "n-cn-nu"
    },
    {
        "text": "Ontario",
        "id": "n-cn-on"
    },
    {
        "text": "Prince Edward Island",
        "id": "n-cn-pi"
    },
    {
        "text": "Québec (Province)",
        "id": "n-cn-qu"
    },
    {
        "text": "Saskatchewan",
        "id": "n-cn-sn"
    },
    {
        "text": "Yukon Territory",
        "id": "n-cn-yk"
    },
    {
        "text": "Hudson Bay",
        "id": "n-cnh"
    },
    {
        "text": "Maritime Provinces",
        "id": "n-cnm"
    },
    {
        "text": "Prairie Provinces",
        "id": "n-cnp"
    },
    {
        "text": "Canada, Western",
        "id": "n-cnp"
    },
    {
        "text": "Western Canada",
        "id": "n-cnp"
    },
    {
        "text": "Greenland",
        "id": "n-gl"
    },
    {
        "text": "Mexico",
        "id": "n-mx"
    },
    {
        "text": "Colorado River (Colo.-Mexico)",
        "id": "n-mx"
    },
    {
        "text": "Colorado River Delta (Mexico)",
        "id": "n-mx"
    },
    {
        "text": "Middle America",
        "id": "n-mx"
    },
    {
        "text": "United States",
        "id": "n-us"
    },
    {
        "text": "Atlantic Coast (U.S.)",
        "id": "n-us"
    },
    {
        "text": "Atlantic States",
        "id": "n-us"
    },
    {
        "text": "Saint Lawrence River",
        "id": "n-us"
    },
    {
        "text": "Snowbelt States",
        "id": "n-us"
    },
    {
        "text": "Frostbelt (U.S.)",
        "id": "n-us"
    },
    {
        "text": "Alaska",
        "id": "n-us-ak"
    },
    {
        "text": "Alabama",
        "id": "n-us-al"
    },
    {
        "text": "Arkansas",
        "id": "n-us-ar"
    },
    {
        "text": "Ozark Mountains",
        "id": "n-us-ar"
    },
    {
        "text": "Arizona",
        "id": "n-us-az"
    },
    {
        "text": "California",
        "id": "n-us-ca"
    },
    {
        "text": "Pacific States",
        "id": "n-us-ca"
    },
    {
        "text": "Colorado",
        "id": "n-us-co"
    },
    {
        "text": "Connecticut",
        "id": "n-us-ct"
    },
    {
        "text": "Washington (D.C.)",
        "id": "n-us-dc"
    },
    {
        "text": "Washington Region",
        "id": "n-us-dc"
    },
    {
        "text": "District of Columbia",
        "id": "n-us-dc"
    },
    {
        "text": "Delaware",
        "id": "n-us-de"
    },
    {
        "text": "Florida",
        "id": "n-us-fl"
    },
    {
        "text": "Georgia",
        "id": "n-us-ga"
    },
    {
        "text": "Hawaii",
        "id": "n-us-hi"
    },
    {
        "text": "Sunbelt States",
        "id": "n-us-hi"
    },
    {
        "text": "Iowa",
        "id": "n-us-ia"
    },
    {
        "text": "Idaho",
        "id": "n-us-id"
    },
    {
        "text": "Illinois",
        "id": "n-us-il"
    },
    {
        "text": "Indiana",
        "id": "n-us-in"
    },
    {
        "text": "Kansas",
        "id": "n-us-ks"
    },
    {
        "text": "Kentucky ",
        "id": "n-us-ky"
    },
    {
        "text": "Louisiana",
        "id": "n-us-la"
    },
    {
        "text": "Massachusetts",
        "id": "n-us-ma"
    },
    {
        "text": "Maryland",
        "id": "n-us-md"
    },
    {
        "text": "Chesapeake Bay (Md. and Va.)",
        "id": "n-us-md"
    },
    {
        "text": "Washington Region",
        "id": "n-us-md"
    },
    {
        "text": "Maine",
        "id": "n-us-me"
    },
    {
        "text": "Michigan",
        "id": "n-us-mi"
    },
    {
        "text": "Minnesota",
        "id": "n-us-mn"
    },
    {
        "text": "Missouri",
        "id": "n-us-mo"
    },
    {
        "text": "Ozark Mountains",
        "id": "n-us-mo"
    },
    {
        "text": "Mississippi",
        "id": "n-us-ms"
    },
    {
        "text": "Montana",
        "id": "n-us-mt"
    },
    {
        "text": "Nebraska",
        "id": "n-us-nb"
    },
    {
        "text": "North Carolina",
        "id": "n-us-nc"
    },
    {
        "text": "North Dakota",
        "id": "n-us-nd"
    },
    {
        "text": "New Hampshire",
        "id": "n-us-nh"
    },
    {
        "text": "New Jersey",
        "id": "n-us-nj"
    },
    {
        "text": "New Mexico",
        "id": "n-us-nm"
    },
    {
        "text": "Nevada",
        "id": "n-us-nv"
    },
    {
        "text": "New York (State)",
        "id": "n-us-ny"
    },
    {
        "text": "Ohio ",
        "id": "n-us-oh"
    },
    {
        "text": "Oklahoma",
        "id": "n-us-ok"
    },
    {
        "text": "Indian Territory",
        "id": "n-us-ok"
    },
    {
        "text": "Ozark Mountains",
        "id": "n-us-ok"
    },
    {
        "text": "Oregon",
        "id": "n-us-or"
    },
    {
        "text": "Pacific States",
        "id": "n-us-or"
    },
    {
        "text": "Pennsylvania",
        "id": "n-us-pa"
    },
    {
        "text": "Rhode Island",
        "id": "n-us-ri"
    },
    {
        "text": "South Carolina",
        "id": "n-us-sc"
    },
    {
        "text": "South Dakota ",
        "id": "n-us-sd"
    },
    {
        "text": "Tennessee",
        "id": "n-us-tn"
    },
    {
        "text": "Texas",
        "id": "n-us-tx"
    },
    {
        "text": "Utah",
        "id": "n-us-ut"
    },
    {
        "text": "Virginia",
        "id": "n-us-va"
    },
    {
        "text": "Chesapeake Bay (Md. and Va.)",
        "id": "n-us-va"
    },
    {
        "text": "Washington Region",
        "id": "n-us-va"
    },
    {
        "text": "Vermont",
        "id": "n-us-vt"
    },
    {
        "text": "Washington (State)",
        "id": "n-us-wa"
    },
    {
        "text": "Pacific States",
        "id": "n-us-wa"
    },
    {
        "text": "Wisconsin",
        "id": "n-us-wi"
    },
    {
        "text": "West Virginia",
        "id": "n-us-wv"
    },
    {
        "text": "Wyoming",
        "id": "n-us-wy"
    },
    {
        "text": "Appalachian Mountains",
        "id": "n-usa"
    },
    {
        "text": "Appalachian Mountains, Southern",
        "id": "n-usa"
    },
    {
        "text": "Appalachian Region",
        "id": "n-usa"
    },
    {
        "text": "Blue Ridge Mountains",
        "id": "n-usa"
    },
    {
        "text": "Middle West",
        "id": "n-usc"
    },
    {
        "text": "Northwest, Old",
        "id": "n-usc"
    },
    {
        "text": "Midwest",
        "id": "n-usc"
    },
    {
        "text": "North Central States",
        "id": "n-usc"
    },
    {
        "text": "Northeastern States",
        "id": "n-use"
    },
    {
        "text": "Northeast (U.S.)",
        "id": "n-use"
    },
    {
        "text": "Middle Atlantic States",
        "id": "n-usl"
    },
    {
        "text": "Middle States",
        "id": "n-usl"
    },
    {
        "text": "Mississippi River",
        "id": "n-usm"
    },
    {
        "text": "New England",
        "id": "n-usn"
    },
    {
        "text": "Ohio River",
        "id": "n-uso"
    },
    {
        "text": "West (U.S.)",
        "id": "n-usp"
    },
    {
        "text": "Colorado River (Colo.-Mexico)",
        "id": "n-usp"
    },
    {
        "text": "Great Basin",
        "id": "n-usp"
    },
    {
        "text": "Northwest, Pacific",
        "id": "n-usp"
    },
    {
        "text": "Northwest (U.S.)",
        "id": "n-usp"
    },
    {
        "text": "Pacific Northwest",
        "id": "n-usp"
    },
    {
        "text": "Northwestern States",
        "id": "n-usp"
    },
    {
        "text": "Far West (U.S.)",
        "id": "n-usp"
    },
    {
        "text": "Pacific and Mountain States",
        "id": "n-usp"
    },
    {
        "text": "Western States (U.S.)",
        "id": "n-usp"
    },
    {
        "text": "East (U.S.)",
        "id": "n-usr"
    },
    {
        "text": "Missouri River",
        "id": "n-uss"
    },
    {
        "text": "Southwest, New",
        "id": "n-ust"
    },
    {
        "text": "Southwestern States",
        "id": "n-ust"
    },
    {
        "text": "Sunbelt States",
        "id": "n-ust"
    },
    {
        "text": "Southern States",
        "id": "n-usu"
    },
    {
        "text": "Confederate States of America",
        "id": "n-usu"
    },
    {
        "text": "Cumberland Mountains",
        "id": "n-usu"
    },
    {
        "text": "Gulf States",
        "id": "n-usu"
    },
    {
        "text": "South Atlantic States",
        "id": "n-usu"
    },
    {
        "text": "Atlantic States, South",
        "id": "n-usu"
    },
    {
        "text": "Southwest, Old",
        "id": "n-usu"
    },
    {
        "text": "Southwestern States",
        "id": "n-usu"
    },
    {
        "text": "Sunbelt States",
        "id": "n-usu"
    },
    {
        "text": "Saint Pierre and Miquelon",
        "id": "n-xl"
    },
    {
        "text": "Miquelon",
        "id": "n-xl"
    },
    {
        "text": "Iles Saint-Pierre et Miquelon",
        "id": "n-xl"
    },
    {
        "text": "St. Pierre and Miquelon",
        "id": "n-xl"
    },
    {
        "text": "Central America",
        "id": "nc"
    },
    {
        "text": "America, Central",
        "id": "nc"
    },
    {
        "text": "Middle America",
        "id": "nc"
    },
    {
        "text": "Belize",
        "id": "ncbh"
    },
    {
        "text": "British Honduras",
        "id": "ncbh"
    },
    {
        "text": "Costa Rica",
        "id": "nccr"
    },
    {
        "text": "Canal Zone",
        "id": "nccz"
    },
    {
        "text": "Panama Canal Zone",
        "id": "nccz"
    },
    {
        "text": "El Salvador",
        "id": "nces"
    },
    {
        "text": "Salvador",
        "id": "nces"
    },
    {
        "text": "Guatemala",
        "id": "ncgt"
    },
    {
        "text": "Honduras",
        "id": "ncho"
    },
    {
        "text": "Nicaragua",
        "id": "ncnq"
    },
    {
        "text": "Panama",
        "id": "ncpn"
    },
    {
        "text": "Great Lakes (North America)",
        "id": "nl"
    },
    {
        "text": "Lake States",
        "id": "nl"
    },
    {
        "text": "Great Lakes States",
        "id": "nl"
    },
    {
        "text": "Mexico, Gulf of ",
        "id": "nm"
    },
    {
        "text": "Gulf of Mexico",
        "id": "nm"
    },
    {
        "text": "Great Plains",
        "id": "np"
    },
    {
        "text": "Rocky Mountains",
        "id": "nr"
    },
    {
        "text": "West Indies",
        "id": "nw"
    },
    {
        "text": "Antilles, Greater",
        "id": "nw"
    },
    {
        "text": "Greater Antilles",
        "id": "nw"
    },
    {
        "text": "Indies, West",
        "id": "nw"
    },
    {
        "text": "Antigua and Barbuda",
        "id": "nwaq"
    },
    {
        "text": "Antigua",
        "id": "nwaq"
    },
    {
        "text": "Barbuda",
        "id": "nwaq"
    },
    {
        "text": "Aruba",
        "id": "nwaw"
    },
    {
        "text": "Netherlands Antilles",
        "id": "nwaw"
    },
    {
        "text": "Barbados",
        "id": "nwbb"
    },
    {
        "text": "Bahamas",
        "id": "nwbf"
    },
    {
        "text": "Bonaire",
        "id": "nwbn"
    },
    {
        "text": "Bonaire (Netherlands Antilles)",
        "id": "nwbn"
    },
    {
        "text": "Netherlands Antilles",
        "id": "nwbn"
    },
    {
        "text": "Cayman Islands",
        "id": "nwcj"
    },
    {
        "text": "Curaçao",
        "id": "nwco"
    },
    {
        "text": "Curaçao (Netherlands Antilles)",
        "id": "nwco"
    },
    {
        "text": "Netherlands Antilles",
        "id": "nwco"
    },
    {
        "text": "Cuba",
        "id": "nwcu"
    },
    {
        "text": "Dominica",
        "id": "nwdq"
    },
    {
        "text": "Dominican Republic",
        "id": "nwdr"
    },
    {
        "text": "Sint Eustatius",
        "id": "nweu"
    },
    {
        "text": "Netherlands Antilles",
        "id": "nweu"
    },
    {
        "text": "Saint Eustatius (Netherlands Antilles)",
        "id": "nweu"
    },
    {
        "text": "Sint Eustatius (Netherlands Antilles)",
        "id": "nweu"
    },
    {
        "text": "St. Eustatius (Netherlands Antilles)",
        "id": "nweu"
    },
    {
        "text": "Statia (Netherlands Antilles)",
        "id": "nweu"
    },
    {
        "text": "Grenada",
        "id": "nwgd"
    },
    {
        "text": "Grenadines (Saint Vincent and the Grenadines and Grenada)",
        "id": "nwgd"
    },
    {
        "text": "Guadeloupe",
        "id": "nwgp"
    },
    {
        "text": "Marie-Galante (Guadeloupe)",
        "id": "nwgp"
    },
    {
        "text": "Hispaniola",
        "id": "nwhi"
    },
    {
        "text": "Haiti",
        "id": "nwht"
    },
    {
        "text": "Jamaica",
        "id": "nwjm"
    },
    {
        "text": "Antilles, Lesser",
        "id": "nwla"
    },
    {
        "text": "West Indies, French",
        "id": "nwla"
    },
    {
        "text": "French West Indies",
        "id": "nwla"
    },
    {
        "text": "Lesser Antilles",
        "id": "nwla"
    },
    {
        "text": "Leeward Islands (West Indies)",
        "id": "nwli"
    },
    {
        "text": "Montserrat",
        "id": "nwmj"
    },
    {
        "text": "Martinique",
        "id": "nwmq"
    },
    {
        "text": "Puerto Rico",
        "id": "nwpr"
    },
    {
        "text": "Saint-Barthélemy",
        "id": "nwsc"
    },
    {
        "text": "Saint Bartholomew",
        "id": "nwsc"
    },
    {
        "text": "Saint Barts",
        "id": "nwsc"
    },
    {
        "text": "St. Barthélémy",
        "id": "nwsc"
    },
    {
        "text": "Saba",
        "id": "nwsd"
    },
    {
        "text": "Netherlands Antilles",
        "id": "nwsd"
    },
    {
        "text": "Saba (Netherlands Antilles)",
        "id": "nwsd"
    },
    {
        "text": "Sint Maarten",
        "id": "nwsn"
    },
    {
        "text": "Netherlands Antilles",
        "id": "nwsn"
    },
    {
        "text": "Sint Maarten (Netherlands Antilles)",
        "id": "nwsn"
    },
    {
        "text": "Sint Maarten (West Indies)",
        "id": "nwsn"
    },
    {
        "text": "Saint-Martin",
        "id": "nwst"
    },
    {
        "text": "Collectivity of Saint Martin",
        "id": "nwst"
    },
    {
        "text": "Saint-Martin (Collectivity)",
        "id": "nwst"
    },
    {
        "text": "Saint-Martin (France: Collectivity)",
        "id": "nwst"
    },
    {
        "text": "Saint Martin (West Indies)",
        "id": "nwst"
    },
    {
        "text": "St. Martin (West Indies)",
        "id": "nwst"
    },
    {
        "text": "Swan Islands (Honduras)",
        "id": "nwsv"
    },
    {
        "text": "Turks and Caicos Islands",
        "id": "nwtc"
    },
    {
        "text": "Caicos Islands",
        "id": "nwtc"
    },
    {
        "text": "Trinidad and Tobago",
        "id": "nwtr"
    },
    {
        "text": "Tobago",
        "id": "nwtr"
    },
    {
        "text": "Trinidad",
        "id": "nwtr"
    },
    {
        "text": "United States Miscellaneous Caribbean Islands",
        "id": "nwuc"
    },
    {
        "text": "Caribbean Island Dependencies of the United States",
        "id": "nwuc"
    },
    {
        "text": "Island Dependencies of the United States in the Caribbean",
        "id": "nwuc"
    },
    {
        "text": "British Virgin Islands",
        "id": "nwvb"
    },
    {
        "text": "Virgin Islands",
        "id": "nwvb"
    },
    {
        "text": "Virgin Islands, British",
        "id": "nwvb"
    },
    {
        "text": "Virgin Islands (Great Britain)",
        "id": "nwvb"
    },
    {
        "text": "Virgin Islands (Presidency)",
        "id": "nwvb"
    },
    {
        "text": "Virgin Islands of the United States",
        "id": "nwvi"
    },
    {
        "text": "Virgin Islands",
        "id": "nwvi"
    },
    {
        "text": "Virgin Islands (American)",
        "id": "nwvi"
    },
    {
        "text": "Virgin Islands (Danish)",
        "id": "nwvi"
    },
    {
        "text": "Windward Islands (West Indies) [nwwi]",
        "id": "nwwi"
    },
    {
        "text": "Anguilla",
        "id": "nwxa"
    },
    {
        "text": "Saint Kitts-Nevis-Anguilla",
        "id": "nwxa"
    },
    {
        "text": "St. Christopher-Nevis-Anguilla",
        "id": "nwxa"
    },
    {
        "text": "Saint Kitts and Nevis",
        "id": "nwxi"
    },
    {
        "text": "Nevis",
        "id": "nwxi"
    },
    {
        "text": "Saint Kitts",
        "id": "nwxi"
    },
    {
        "text": "Saint Kitts-Nevis-Anguilla",
        "id": "nwxi"
    },
    {
        "text": "St. Christopher-Nevis-Anguilla",
        "id": "nwxi"
    },
    {
        "text": "Saint Christopher and Nevis",
        "id": "nwxi"
    },
    {
        "text": "Saint Lucia",
        "id": "nwxk"
    },
    {
        "text": "St. Lucia",
        "id": "nwxk"
    },
    {
        "text": "Saint Vincent and the Grenadines",
        "id": "nwxm"
    },
    {
        "text": "Grenadines (Saint Vincent and the Grenadines and Grenada)",
        "id": "nwxm"
    },
    {
        "text": "Saint Vincent",
        "id": "nwxm"
    },
    {
        "text": "St. Vincent",
        "id": "nwxm"
    },
    {
        "text": "Pacific Ocean",
        "id": "p"
    },
    {
        "text": "Pacific Area",
        "id": "p"
    },
    {
        "text": "North Pacific Ocean",
        "id": "pn"
    },
    {
        "text": "Alaska, Gulf of (Alaska)",
        "id": "pn"
    },
    {
        "text": "Gulf of Alaska (Alaska)",
        "id": "pn"
    },
    {
        "text": "Bering Sea",
        "id": "pn"
    },
    {
        "text": "Philippine Sea",
        "id": "pn"
    },
    {
        "text": "Pacific Ocean, North",
        "id": "pn"
    },
    {
        "text": "Oceania",
        "id": "po"
    },
    {
        "text": "Oceanica",
        "id": "po"
    },
    {
        "text": "American Samoa",
        "id": "poas"
    },
    {
        "text": "Samoa, American",
        "id": "poas"
    },
    {
        "text": "Solomon Islands",
        "id": "pobp"
    },
    {
        "text": "Guadalcanal (Solomon Islands)",
        "id": "pobp"
    },
    {
        "text": "Santa Cruz Islands (Solomon Islands)",
        "id": "pobp"
    },
    {
        "text": "British Solomon Islands",
        "id": "pobp"
    },
    {
        "text": "Caroline Islands",
        "id": "poci"
    },
    {
        "text": "Cook Islands",
        "id": "pocw"
    },
    {
        "text": "Easter Island",
        "id": "poea"
    },
    {
        "text": "Isla de Pascua",
        "id": "poea"
    },
    {
        "text": "Pascua Island",
        "id": "poea"
    },
    {
        "text": "Fiji",
        "id": "pofj"
    },
    {
        "text": "French Polynesia",
        "id": "pofp"
    },
    {
        "text": "Austral Islands (French Polynesia)",
        "id": "pofp"
    },
    {
        "text": "Tubuai Islands (French Polynesia)",
        "id": "pofp"
    },
    {
        "text": "Gambier Islands (French Polynesia)",
        "id": "pofp"
    },
    {
        "text": "Marquesas Islands (French Polynesia)",
        "id": "pofp"
    },
    {
        "text": "Archipel des Marquises (French Polynesia)",
        "id": "pofp"
    },
    {
        "text": "Îles Marquises de Mendoça (French Polynesia)",
        "id": "pofp"
    },
    {
        "text": "Islas Marquesas de Mendoza (French Polynesia)",
        "id": "pofp"
    },
    {
        "text": "Mendaña (French Polynesia)",
        "id": "pofp"
    },
    {
        "text": "Society Islands (French Polynesia)",
        "id": "pofp"
    },
    {
        "text": "Tuamotu Archipelago (French Polynesia)",
        "id": "pofp"
    },
    {
        "text": "Oceania, French",
        "id": "pofp"
    },
    {
        "text": "Polynesia, French",
        "id": "pofp"
    },
    {
        "text": "Galapagos Islands",
        "id": "pogg"
    },
    {
        "text": "Guam",
        "id": "pogu"
    },
    {
        "text": "Johnston Island",
        "id": "poji"
    },
    {
        "text": "Kiribati",
        "id": "pokb"
    },
    {
        "text": "Banaba (Kiribati)",
        "id": "pokb"
    },
    {
        "text": "Ocean Island (Kiribati)",
        "id": "pokb"
    },
    {
        "text": "Canton and Enderbury Islands",
        "id": "pokb"
    },
    {
        "text": "Enderbury and Canton Islands",
        "id": "pokb"
    },
    {
        "text": "Gilbert and Ellice Islands Colony",
        "id": "pokb"
    },
    {
        "text": "Kiritimati (Kiribati)",
        "id": "pokb"
    },
    {
        "text": "Christmas Island (Pacific Ocean)",
        "id": "pokb"
    },
    {
        "text": "Phoenix Islands (Kiribati)",
        "id": "pokb"
    },
    {
        "text": "Gilbert Islands",
        "id": "pokb"
    },
    {
        "text": "Kermadec Islands",
        "id": "poki"
    },
    {
        "text": "Line Islands",
        "id": "poln"
    },
    {
        "text": "Melanesia",
        "id": "pome"
    },
    {
        "text": "Micronesia (Federated States)",
        "id": "pomi"
    },
    {
        "text": "Chuuk (Micronesia)",
        "id": "pomi"
    },
    {
        "text": "Truk (Micronesia)",
        "id": "pomi"
    },
    {
        "text": "Kosrae (Micronesia)",
        "id": "pomi"
    },
    {
        "text": "Kusaie (Micronesia)",
        "id": "pomi"
    },
    {
        "text": "Pohnpei (Micronesia)",
        "id": "pomi"
    },
    {
        "text": "Ponape (Micronesia)",
        "id": "pomi"
    },
    {
        "text": "Yap (Micronesia)",
        "id": "pomi"
    },
    {
        "text": "Federated States of Micronesia",
        "id": "pomi"
    },
    {
        "text": "New Caledonia",
        "id": "ponl"
    },
    {
        "text": "Loyalty Islands (New Caledonia)",
        "id": "ponl"
    },
    {
        "text": "Vanuatu",
        "id": "ponn"
    },
    {
        "text": "Banks Islands (Vanuatu)",
        "id": "ponn"
    },
    {
        "text": "New Hebrides",
        "id": "ponn"
    },
    {
        "text": "Republic of Vanuatu",
        "id": "ponn"
    },
    {
        "text": "Nauru",
        "id": "ponu"
    },
    {
        "text": "Pleasant Island",
        "id": "ponu"
    },
    {
        "text": "Pitcairn Island",
        "id": "popc"
    },
    {
        "text": "Palau",
        "id": "popl"
    },
    {
        "text": "Belau",
        "id": "popl"
    },
    {
        "text": "Pelew",
        "id": "popl"
    },
    {
        "text": "Republic of Palau",
        "id": "popl"
    },
    {
        "text": "Polynesia",
        "id": "pops"
    },
    {
        "text": "Samoan Islands",
        "id": "posh"
    },
    {
        "text": "Samoa (Islands)",
        "id": "posh"
    },
    {
        "text": "Tokelau",
        "id": "potl"
    },
    {
        "text": "Union Islands",
        "id": "potl"
    },
    {
        "text": "Tonga",
        "id": "poto"
    },
    {
        "text": "Friendly Islands",
        "id": "poto"
    },
    {
        "text": "Tonga Islands",
        "id": "poto"
    },
    {
        "text": "Micronesia",
        "id": "pott"
    },
    {
        "text": "Tuvalu",
        "id": "potv"
    },
    {
        "text": "Gilbert and Ellice Islands Colony",
        "id": "potv"
    },
    {
        "text": "Ellice Islands",
        "id": "potv"
    },
    {
        "text": "United States Miscellaneous Pacific Islands",
        "id": "poup"
    },
    {
        "text": "Pacific Islands (Trust Territory)",
        "id": "poup"
    },
    {
        "text": "Pacific Islands (Ter.)",
        "id": "poup"
    },
    {
        "text": "Trust Territory of the Pacific Islands",
        "id": "poup"
    },
    {
        "text": "Island Dependencies of the United States in the Pacific",
        "id": "poup"
    },
    {
        "text": "Pacific Island Dependencies of the United States",
        "id": "poup"
    },
    {
        "text": "Wallis and Futuna Islands",
        "id": "powf"
    },
    {
        "text": "Futuna Islands (Wallis and Futuna Islands)",
        "id": "powf"
    },
    {
        "text": "Uvea Island (Wallis and Futuna Islands)",
        "id": "powf"
    },
    {
        "text": "Wake Island",
        "id": "powk"
    },
    {
        "text": "Samoa",
        "id": "pows"
    },
    {
        "text": "Western Samoa",
        "id": "pows"
    },
    {
        "text": "Mariana Islands",
        "id": "poxd"
    },
    {
        "text": "Commonwealth of the Northern Mariana Islands",
        "id": "poxd"
    },
    {
        "text": "Northern Mariana Islands",
        "id": "poxd"
    },
    {
        "text": "Marshall Islands",
        "id": "poxe"
    },
    {
        "text": "Bikini Atoll (Marshall Islands)",
        "id": "poxe"
    },
    {
        "text": "Midway Islands",
        "id": "poxf"
    },
    {
        "text": "Niue",
        "id": "poxh"
    },
    {
        "text": "South Pacific Ocean",
        "id": "ps"
    },
    {
        "text": "Arafura Sea",
        "id": "ps"
    },
    {
        "text": "Pacific Ocean, South",
        "id": "ps"
    },
    {
        "text": "Cold regions",
        "id": "q"
    },
    {
        "text": "Arctic Ocean",
        "id": "r"
    },
    {
        "text": "Barents Sea",
        "id": "r"
    },
    {
        "text": "Beaufort Sea",
        "id": "r"
    },
    {
        "text": "Arctic regions",
        "id": "r"
    },
    {
        "text": "Polar regions",
        "id": "r"
    },
    {
        "text": "Northeast Passage",
        "id": "r"
    },
    {
        "text": "Northwest Passage",
        "id": "r"
    },
    {
        "text": "North Pole",
        "id": "r"
    },
    {
        "text": "South America",
        "id": "s"
    },
    {
        "text": "America",
        "id": "s"
    },
    {
        "text": "Argentina",
        "id": "s-ag"
    },
    {
        "text": "Brazil",
        "id": "s-bl"
    },
    {
        "text": "Bolivia",
        "id": "s-bo"
    },
    {
        "text": "Colombia",
        "id": "s-ck"
    },
    {
        "text": "Chile",
        "id": "s-cl"
    },
    {
        "text": "Ecuador",
        "id": "s-ec"
    },
    {
        "text": "French Guiana",
        "id": "s-fg"
    },
    {
        "text": "Guiana, French",
        "id": "s-fg"
    },
    {
        "text": "Guyana",
        "id": "s-gy"
    },
    {
        "text": "British Guiana",
        "id": "s-gy"
    },
    {
        "text": "Guiana, British",
        "id": "s-gy"
    },
    {
        "text": "Peru",
        "id": "s-pe"
    },
    {
        "text": "Paraguay",
        "id": "s-py"
    },
    {
        "text": "Suriname",
        "id": "s-sr"
    },
    {
        "text": "Dutch Guiana",
        "id": "s-sr"
    },
    {
        "text": "Guiana, Dutch",
        "id": "s-sr"
    },
    {
        "text": "Surinam",
        "id": "s-sr"
    },
    {
        "text": "Uruguay",
        "id": "s-uy"
    },
    {
        "text": "Venezuela",
        "id": "s-ve"
    },
    {
        "text": "Amazon River",
        "id": "sa"
    },
    {
        "text": "Andes",
        "id": "sn"
    },
    {
        "text": "Andean Area",
        "id": "sn"
    },
    {
        "text": "Rio de la Plata (Argentina and Uruguay)",
        "id": "sp"
    },
    {
        "text": "La Plata River (Argentina and Uruguay)",
        "id": "sp"
    },
    {
        "text": "Plata, Rio de la (Argentina and Uruguay)",
        "id": "sp"
    },
    {
        "text": "Plate River (Argentina and Uruguay)",
        "id": "sp"
    },
    {
        "text": "Antarctic Ocean",
        "id": "t"
    },
    {
        "text": "Antarctica",
        "id": "t"
    },
    {
        "text": "Polar regions",
        "id": "t"
    },
    {
        "text": "South Shetland Islands (Antarctica)",
        "id": "t"
    },
    {
        "text": "Antarctic regions",
        "id": "t"
    },
    {
        "text": "South Pole",
        "id": "t"
    },
    {
        "text": "Australasia",
        "id": "u"
    },
    {
        "text": "Ashmore and Cartier Islands",
        "id": "u-ac"
    },
    {
        "text": "Australia",
        "id": "u-at"
    },
    {
        "text": "Norfolk Island",
        "id": "u-at"
    },
    {
        "text": "Australian Capital Territory",
        "id": "u-at-ac"
    },
    {
        "text": "A.C.T.",
        "id": "u-at-ac"
    },
    {
        "text": "Federal Capital Territory",
        "id": "u-at-ac"
    },
    {
        "text": "New South Wales",
        "id": "u-at-ne"
    },
    {
        "text": "Northern Territory",
        "id": "u-at-no"
    },
    {
        "text": "Carpentaria, Gulf of (N.T. and Qld.)",
        "id": "u-at-no"
    },
    {
        "text": "Gulf of Carpentaria (N.T. and Qld.)",
        "id": "u-at-no"
    },
    {
        "text": "Queensland",
        "id": "u-at-qn"
    },
    {
        "text": "Carpentaria, Gulf of (N.T. and Qld.)",
        "id": "u-at-qn"
    },
    {
        "text": "Gulf of Carpentaria (N.T. and Qld.)",
        "id": "u-at-qn"
    },
    {
        "text": "Great Barrier Reef (Qld.)",
        "id": "u-at-qn"
    },
    {
        "text": "Torres Strait Islands (Qld.)",
        "id": "u-at-qn"
    },
    {
        "text": "South Australia",
        "id": "u-at-sa"
    },
    {
        "text": "Tasmania",
        "id": "u-at-tm"
    },
    {
        "text": "Victoria",
        "id": "u-at-vi"
    },
    {
        "text": "Western Australia",
        "id": "u-at-we"
    },
    {
        "text": "Australia, Western",
        "id": "u-at-we"
    },
    {
        "text": "Central Australia",
        "id": "u-atc"
    },
    {
        "text": "Australia, Central",
        "id": "u-atc"
    },
    {
        "text": "Eastern Australia",
        "id": "u-ate"
    },
    {
        "text": "Australia, Eastern",
        "id": "u-ate"
    },
    {
        "text": "Northern Australia",
        "id": "u-atn"
    },
    {
        "text": "Australia, Northern",
        "id": "u-atn"
    },
    {
        "text": "Coral Sea Islands",
        "id": "u-cs"
    },
    {
        "text": "New Zealand",
        "id": "u-nz"
    },
    {
        "text": "Tropics",
        "id": "w"
    },
    {
        "text": "Equator",
        "id": "w"
    },
    {
        "text": "Earth",
        "id": "x"
    },
    {
        "text": "Eastern Hemisphere",
        "id": "xa"
    },
    {
        "text": "Northern Hemisphere",
        "id": "xb"
    },
    {
        "text": "Southern Hemisphere",
        "id": "xc"
    },
    {
        "text": "Western Hemisphere",
        "id": "xd"
    },
    {
        "text": "Deep space",
        "id": "zd"
    },
    {
        "text": "Jupiter (Planet)",
        "id": "zju"
    },
    {
        "text": "Mars (Planet)",
        "id": "zma"
    },
    {
        "text": "Red Planet",
        "id": "zma"
    },
    {
        "text": "Mercury (Planet)",
        "id": "zme"
    },
    {
        "text": "Moon",
        "id": "zmo"
    },
    {
        "text": "Neptune (Planet)",
        "id": "zne"
    },
    {
        "text": "Outer space",
        "id": "zo"
    },
    {
        "text": "Space, Outer",
        "id": "zo"
    },
    {
        "text": "Pluto (Planet)",
        "id": "zpl"
    },
    {
        "text": "Solar system",
        "id": "zs"
    },
    {
        "text": "Saturn (Planet)",
        "id": "zsa"
    },
    {
        "text": "Sun",
        "id": "zsu"
    },
    {
        "text": "Uranus (Planet)",
        "id": "zur"
    },
    {
        "text": "Venus (Planet)",
        "id": "zve"
    }
]